,Date,Precip,Name
0,2021-11-27,0.0,Russian River HaciendaBridge
1,2021-11-27,0.0,Russian River HaciendaBridge
2,2021-11-28,0.0,Russian River HaciendaBridge
3,2021-11-28,0.0,Russian River HaciendaBridge
4,2021-11-29,0.0,Russian River HaciendaBridge
5,2021-11-29,0.0,Russian River HaciendaBridge
6,2021-11-30,0.0,Russian River HaciendaBridge
7,2021-11-30,0.0,Russian River HaciendaBridge
8,2021-12-01,0.0,Russian River HaciendaBridge
9,2021-12-01,0.0,Russian River HaciendaBridge
10,2021-12-02,0.0,Russian River HaciendaBridge
11,2021-12-02,0.0,Russian River HaciendaBridge
12,2021-12-03,0.0,Russian River HaciendaBridge
13,2021-12-03,0.0,Russian River HaciendaBridge
14,2021-12-04,0.0,Russian River HaciendaBridge
15,2021-12-04,0.0,Russian River HaciendaBridge
16,2021-12-05,0.0,Russian River HaciendaBridge
17,2021-12-05,0.0,Russian River HaciendaBridge
18,2021-12-06,0.0,Russian River HaciendaBridge
19,2021-12-06,0.0,Russian River HaciendaBridge
20,2021-12-07,1.5,Russian River HaciendaBridge
21,2021-12-07,0.5,Russian River HaciendaBridge
22,2021-12-08,0.0,Russian River HaciendaBridge
23,2021-12-08,0.0,Russian River HaciendaBridge
24,2021-12-09,1.3,Russian River HaciendaBridge
25,2021-12-09,0.0,Russian River HaciendaBridge
26,2021-12-10,0.0,Russian River HaciendaBridge
27,2021-12-10,0.0,Russian River HaciendaBridge
28,2021-12-11,0.0,Russian River HaciendaBridge
29,2021-12-11,0.0,Russian River HaciendaBridge
30,2021-12-12,25.1,Russian River HaciendaBridge
31,2021-12-12,35.3,Russian River HaciendaBridge
32,2021-12-13,44.7,Russian River HaciendaBridge
33,2021-12-13,53.6,Russian River HaciendaBridge
34,2021-12-14,24.1,Russian River HaciendaBridge
35,2021-12-14,25.4,Russian River HaciendaBridge
36,2021-12-15,0.0,Russian River HaciendaBridge
37,2021-12-15,0.3,Russian River HaciendaBridge
38,2021-12-16,36.1,Russian River HaciendaBridge
39,2021-12-16,44.5,Russian River HaciendaBridge
40,2021-12-17,0.0,Russian River HaciendaBridge
41,2021-12-17,0.0,Russian River HaciendaBridge
42,2021-12-18,0.0,Russian River HaciendaBridge
43,2021-12-18,0.0,Russian River HaciendaBridge
44,2021-12-19,0.0,Russian River HaciendaBridge
45,2021-12-19,0.0,Russian River HaciendaBridge
46,2021-12-20,0.0,Russian River HaciendaBridge
47,2021-12-20,0.0,Russian River HaciendaBridge
48,2021-12-21,0.0,Russian River HaciendaBridge
49,2021-12-21,0.0,Russian River HaciendaBridge
50,2021-12-22,13.7,Russian River HaciendaBridge
51,2021-12-22,14.2,Russian River HaciendaBridge
52,2021-12-23,24.9,Russian River HaciendaBridge
53,2021-12-23,26.7,Russian River HaciendaBridge
54,2021-12-24,21.6,Russian River HaciendaBridge
55,2021-12-24,20.6,Russian River HaciendaBridge
56,2021-12-25,13.0,Russian River HaciendaBridge
57,2021-12-25,12.4,Russian River HaciendaBridge
58,2021-12-26,7.9,Russian River HaciendaBridge
59,2021-12-26,7.4,Russian River HaciendaBridge
60,2021-12-27,16.8,Russian River HaciendaBridge
61,2021-12-27,17.0,Russian River HaciendaBridge
62,2021-12-28,1.3,Russian River HaciendaBridge
63,2021-12-28,0.8,Russian River HaciendaBridge
64,2021-12-29,7.9,Russian River HaciendaBridge
65,2021-12-29,8.9,Russian River HaciendaBridge
66,2021-12-30,1.8,Russian River HaciendaBridge
67,2021-12-30,1.5,Russian River HaciendaBridge
68,2021-12-31,0.0,Russian River HaciendaBridge
69,2021-12-31,0.0,Russian River HaciendaBridge
70,2022-01-01,0.0,Russian River HaciendaBridge
71,2022-01-01,0.0,Russian River HaciendaBridge
72,2022-01-02,0.0,Russian River HaciendaBridge
73,2022-01-02,0.0,Russian River HaciendaBridge
74,2022-01-03,0.0,Russian River HaciendaBridge
75,2022-01-03,0.0,Russian River HaciendaBridge
76,2022-01-04,21.6,Russian River HaciendaBridge
77,2022-01-04,28.2,Russian River HaciendaBridge
78,2022-01-05,1.0,Russian River HaciendaBridge
79,2022-01-05,0.8,Russian River HaciendaBridge
80,2022-01-06,0.5,Russian River HaciendaBridge
81,2022-01-06,0.5,Russian River HaciendaBridge
82,2022-01-07,2.5,Russian River HaciendaBridge
83,2022-01-07,2.5,Russian River HaciendaBridge
84,2022-01-08,2.0,Russian River HaciendaBridge
85,2022-01-08,2.8,Russian River HaciendaBridge
86,2022-01-09,0.0,Russian River HaciendaBridge
87,2022-01-09,0.0,Russian River HaciendaBridge
88,2022-01-10,0.0,Russian River HaciendaBridge
89,2022-01-10,0.0,Russian River HaciendaBridge
90,2022-01-11,0.0,Russian River HaciendaBridge
91,2022-01-11,0.0,Russian River HaciendaBridge
92,2022-01-12,0.0,Russian River HaciendaBridge
93,2022-01-12,0.0,Russian River HaciendaBridge
94,2022-01-13,0.0,Russian River HaciendaBridge
95,2022-01-13,0.0,Russian River HaciendaBridge
96,2022-01-14,0.0,Russian River HaciendaBridge
97,2022-01-14,0.0,Russian River HaciendaBridge
98,2022-01-15,0.0,Russian River HaciendaBridge
99,2022-01-15,0.0,Russian River HaciendaBridge
100,2021-11-27,0.0,Navarro River
101,2021-11-28,0.0,Navarro River
102,2021-11-29,0.0,Navarro River
103,2021-11-30,0.0,Navarro River
104,2021-12-01,0.0,Navarro River
105,2021-12-02,0.0,Navarro River
106,2021-12-03,0.0,Navarro River
107,2021-12-04,0.0,Navarro River
108,2021-12-05,0.0,Navarro River
109,2021-12-06,0.0,Navarro River
110,2021-12-07,3.6,Navarro River
111,2021-12-08,1.0,Navarro River
112,2021-12-09,0.0,Navarro River
113,2021-12-10,0.0,Navarro River
114,2021-12-11,0.0,Navarro River
115,2021-12-12,23.1,Navarro River
116,2021-12-13,3.6,Navarro River
117,2021-12-18,0.0,Navarro River
118,2021-12-19,0.0,Navarro River
119,2021-12-20,0.5,Navarro River
120,2021-12-21,0.0,Navarro River
121,2021-12-22,24.9,Navarro River
122,2021-12-23,31.8,Navarro River
123,2021-12-24,7.4,Navarro River
124,2021-12-25,21.3,Navarro River
125,2021-12-26,6.6,Navarro River
126,2021-12-27,17.8,Navarro River
127,2021-12-28,2.5,Navarro River
128,2021-12-29,19.1,Navarro River
129,2021-12-30,0.5,Navarro River
130,2021-12-31,0.8,Navarro River
131,2022-01-01,0.0,Navarro River
132,2022-01-02,0.3,Navarro River
133,2022-01-09,0.0,Navarro River
134,2022-01-10,0.5,Navarro River
135,2022-01-11,0.0,Navarro River
136,2022-01-12,0.0,Navarro River
137,2022-01-13,1.0,Navarro River
138,2022-01-14,0.0,Navarro River
139,2022-01-15,0.0,Navarro River
140,2022-01-16,0.0,Navarro River
141,2022-01-17,0.0,Navarro River
142,2022-01-18,0.0,Navarro River
143,2022-01-19,0.0,Navarro River
144,2022-01-20,0.0,Navarro River
145,2022-01-21,0.0,Navarro River
146,2022-01-22,0.0,Navarro River
147,2022-01-23,0.0,Navarro River
148,2022-01-24,0.0,Navarro River
149,2022-01-25,0.0,Navarro River
150,2022-01-26,0.3,Navarro River
151,2022-01-27,0.0,Navarro River
152,2022-01-28,0.0,Navarro River
153,2022-01-29,0.0,Navarro River
154,2022-01-30,0.0,Navarro River
155,2022-01-31,0.0,Navarro River
156,2022-02-01,0.0,Navarro River
157,2022-02-02,0.0,Navarro River
158,2022-02-03,0.0,Navarro River
159,2022-02-04,0.0,Navarro River
160,2022-02-05,0.0,Navarro River
161,2022-02-06,0.0,Navarro River
162,2022-02-07,0.0,Navarro River
163,2022-02-08,0.0,Navarro River
164,2022-02-09,0.0,Navarro River
165,2022-02-10,0.0,Navarro River
166,2022-02-11,0.0,Navarro River
167,2022-02-12,0.0,Navarro River
168,2022-02-13,0.0,Navarro River
169,2022-02-14,0.0,Navarro River
170,2022-02-15,1.8,Navarro River
171,2022-02-16,0.0,Navarro River
172,2022-02-17,0.0,Navarro River
173,2022-02-18,0.0,Navarro River
174,2022-02-19,0.0,Navarro River
175,2022-02-20,0.0,Navarro River
176,2022-02-21,0.0,Navarro River
177,2022-02-22,5.8,Navarro River
178,2022-02-23,0.5,Navarro River
179,2022-02-24,0.0,Navarro River
180,2022-02-25,0.5,Navarro River
181,2022-02-26,0.0,Navarro River
182,2022-02-27,0.0,Navarro River
183,2022-02-28,0.0,Navarro River
184,2022-03-01,0.0,Navarro River
185,2021-11-27,0.0,Noyo River
186,2021-11-27,0.0,Noyo River
187,2021-11-27,0.0,Noyo River
188,2021-11-28,0.0,Noyo River
189,2021-11-28,0.8,Noyo River
190,2021-11-28,0.0,Noyo River
191,2021-11-29,0.8,Noyo River
192,2021-11-29,0.8,Noyo River
193,2021-11-29,0.0,Noyo River
194,2021-11-30,0.5,Noyo River
195,2021-11-30,0.3,Noyo River
196,2021-11-30,0.0,Noyo River
197,2021-12-01,0.0,Noyo River
198,2021-12-01,0.0,Noyo River
199,2021-12-01,0.0,Noyo River
200,2021-12-02,0.0,Noyo River
201,2021-12-02,0.0,Noyo River
202,2021-12-02,0.0,Noyo River
203,2021-12-03,0.0,Noyo River
204,2021-12-03,0.0,Noyo River
205,2021-12-03,0.0,Noyo River
206,2021-12-04,0.0,Noyo River
207,2021-12-04,0.8,Noyo River
208,2021-12-04,3.3,Noyo River
209,2021-12-05,0.0,Noyo River
210,2021-12-05,0.0,Noyo River
211,2021-12-05,0.0,Noyo River
212,2021-12-06,0.0,Noyo River
213,2021-12-06,0.0,Noyo River
214,2021-12-06,1.0,Noyo River
215,2021-12-07,4.8,Noyo River
216,2021-12-07,3.3,Noyo River
217,2021-12-07,3.6,Noyo River
218,2021-12-07,4.3,Noyo River
219,2021-12-08,0.5,Noyo River
220,2021-12-08,1.0,Noyo River
221,2021-12-08,0.8,Noyo River
222,2021-12-09,0.0,Noyo River
223,2021-12-09,0.0,Noyo River
224,2021-12-09,0.0,Noyo River
225,2021-12-10,0.0,Noyo River
226,2021-12-10,0.0,Noyo River
227,2021-12-10,0.0,Noyo River
228,2021-12-11,0.0,Noyo River
229,2021-12-11,0.0,Noyo River
230,2021-12-11,0.3,Noyo River
231,2021-12-12,22.9,Noyo River
232,2021-12-12,34.3,Noyo River
233,2021-12-12,37.8,Noyo River
234,2021-12-12,25.9,Noyo River
235,2021-12-13,13.2,Noyo River
236,2021-12-13,14.2,Noyo River
237,2021-12-13,41.9,Noyo River
238,2021-12-14,31.2,Noyo River
239,2021-12-14,24.9,Noyo River
240,2021-12-14,10.4,Noyo River
241,2021-12-15,1.5,Noyo River
242,2021-12-15,4.8,Noyo River
243,2021-12-15,3.3,Noyo River
244,2021-12-15,27.9,Noyo River
245,2021-12-16,45.0,Noyo River
246,2021-12-16,53.3,Noyo River
247,2021-12-16,50.8,Noyo River
248,2021-12-16,33.5,Noyo River
249,2021-12-17,3.8,Noyo River
250,2021-12-17,3.6,Noyo River
251,2021-12-17,2.5,Noyo River
252,2021-12-17,1.3,Noyo River
253,2021-12-18,0.0,Noyo River
254,2021-12-18,0.8,Noyo River
255,2021-12-19,0.0,Noyo River
256,2021-12-19,0.5,Noyo River
257,2021-12-20,0.0,Noyo River
258,2021-12-20,0.0,Noyo River
259,2021-12-21,0.0,Noyo River
260,2021-12-21,14.5,Noyo River
261,2021-12-22,15.5,Noyo River
262,2021-12-22,15.7,Noyo River
263,2021-12-22,3.6,Noyo River
264,2021-12-23,42.7,Noyo River
265,2021-12-23,46.5,Noyo River
266,2021-12-23,29.5,Noyo River
267,2021-12-24,3.8,Noyo River
268,2021-12-24,2.5,Noyo River
269,2021-12-24,6.6,Noyo River
270,2021-12-25,16.3,Noyo River
271,2021-12-25,18.0,Noyo River
272,2021-12-25,11.9,Noyo River
273,2021-12-26,4.6,Noyo River
274,2021-12-26,4.3,Noyo River
275,2021-12-26,9.1,Noyo River
276,2021-12-27,13.5,Noyo River
277,2021-12-27,14.2,Noyo River
278,2021-12-27,21.8,Noyo River
279,2021-12-28,2.5,Noyo River
280,2021-12-28,2.0,Noyo River
281,2021-12-28,2.5,Noyo River
282,2021-12-29,7.1,Noyo River
283,2021-12-29,7.1,Noyo River
284,2021-12-29,10.7,Noyo River
285,2021-11-27,0.0,San Lorenzo River Upper
286,2021-11-27,0.0,San Lorenzo River Upper
287,2021-11-27,0.0,San Lorenzo River Upper
288,2021-11-28,0.0,San Lorenzo River Upper
289,2021-11-28,0.0,San Lorenzo River Upper
290,2021-11-28,0.0,San Lorenzo River Upper
291,2021-11-29,0.0,San Lorenzo River Upper
292,2021-11-29,0.0,San Lorenzo River Upper
293,2021-11-29,0.0,San Lorenzo River Upper
294,2021-11-30,0.0,San Lorenzo River Upper
295,2021-11-30,0.0,San Lorenzo River Upper
296,2021-12-01,0.0,San Lorenzo River Upper
297,2021-12-01,0.0,San Lorenzo River Upper
298,2021-12-01,0.0,San Lorenzo River Upper
299,2021-12-02,0.0,San Lorenzo River Upper
300,2021-12-02,0.0,San Lorenzo River Upper
301,2021-12-02,0.0,San Lorenzo River Upper
302,2021-12-03,0.0,San Lorenzo River Upper
303,2021-12-03,0.3,San Lorenzo River Upper
304,2021-12-03,0.0,San Lorenzo River Upper
305,2021-12-04,0.0,San Lorenzo River Upper
306,2021-12-04,0.0,San Lorenzo River Upper
307,2021-12-04,0.0,San Lorenzo River Upper
308,2021-12-05,0.0,San Lorenzo River Upper
309,2021-12-05,0.3,San Lorenzo River Upper
310,2021-12-05,0.0,San Lorenzo River Upper
311,2021-12-06,0.0,San Lorenzo River Upper
312,2021-12-06,0.0,San Lorenzo River Upper
313,2021-12-06,0.0,San Lorenzo River Upper
314,2021-12-07,2.8,San Lorenzo River Upper
315,2021-12-07,2.5,San Lorenzo River Upper
316,2021-12-07,3.8,San Lorenzo River Upper
317,2021-12-07,2.8,San Lorenzo River Upper
318,2021-12-08,0.0,San Lorenzo River Upper
319,2021-12-08,0.0,San Lorenzo River Upper
320,2021-12-08,0.0,San Lorenzo River Upper
321,2021-12-09,3.3,San Lorenzo River Upper
322,2021-12-09,3.0,San Lorenzo River Upper
323,2021-12-09,1.8,San Lorenzo River Upper
324,2021-12-09,2.5,San Lorenzo River Upper
325,2021-12-10,0.0,San Lorenzo River Upper
326,2021-12-10,0.0,San Lorenzo River Upper
327,2021-12-10,0.0,San Lorenzo River Upper
328,2021-12-11,0.0,San Lorenzo River Upper
329,2021-12-11,0.0,San Lorenzo River Upper
330,2021-12-11,0.0,San Lorenzo River Upper
331,2021-12-12,0.0,San Lorenzo River Upper
332,2021-12-12,0.0,San Lorenzo River Upper
333,2021-12-12,0.3,San Lorenzo River Upper
334,2021-12-12,13.7,San Lorenzo River Upper
335,2021-12-13,161.0,San Lorenzo River Upper
336,2021-12-13,111.8,San Lorenzo River Upper
337,2021-12-13,140.2,San Lorenzo River Upper
338,2021-12-13,228.9,San Lorenzo River Upper
339,2021-12-14,109.2,San Lorenzo River Upper
340,2021-12-14,55.4,San Lorenzo River Upper
341,2021-12-14,81.0,San Lorenzo River Upper
342,2021-12-14,22.4,San Lorenzo River Upper
343,2021-12-15,2.8,San Lorenzo River Upper
344,2021-12-15,2.8,San Lorenzo River Upper
345,2021-12-15,3.3,San Lorenzo River Upper
346,2021-12-15,4.8,San Lorenzo River Upper
347,2021-12-16,64.5,San Lorenzo River Upper
348,2021-12-16,53.6,San Lorenzo River Upper
349,2021-12-16,73.4,San Lorenzo River Upper
350,2021-12-16,80.8,San Lorenzo River Upper
351,2021-12-17,0.0,San Lorenzo River Upper
352,2021-12-17,0.3,San Lorenzo River Upper
353,2021-12-17,0.0,San Lorenzo River Upper
354,2021-12-18,0.0,San Lorenzo River Upper
355,2021-12-18,0.0,San Lorenzo River Upper
356,2021-12-18,0.0,San Lorenzo River Upper
357,2021-12-19,0.0,San Lorenzo River Upper
358,2021-12-19,0.0,San Lorenzo River Upper
359,2021-12-19,0.0,San Lorenzo River Upper
360,2021-12-20,0.0,San Lorenzo River Upper
361,2021-12-20,0.0,San Lorenzo River Upper
362,2021-12-20,0.0,San Lorenzo River Upper
363,2021-12-21,0.0,San Lorenzo River Upper
364,2021-12-21,0.0,San Lorenzo River Upper
365,2021-12-21,0.0,San Lorenzo River Upper
366,2021-12-22,22.9,San Lorenzo River Upper
367,2021-12-22,25.9,San Lorenzo River Upper
368,2021-12-22,19.8,San Lorenzo River Upper
369,2021-12-22,32.0,San Lorenzo River Upper
370,2021-12-23,48.0,San Lorenzo River Upper
371,2021-12-23,43.2,San Lorenzo River Upper
372,2021-12-23,40.6,San Lorenzo River Upper
373,2021-12-23,52.3,San Lorenzo River Upper
374,2021-12-24,54.1,San Lorenzo River Upper
375,2021-12-24,43.7,San Lorenzo River Upper
376,2021-12-24,53.6,San Lorenzo River Upper
377,2021-12-24,28.7,San Lorenzo River Upper
378,2021-12-25,6.1,San Lorenzo River Upper
379,2021-12-25,5.6,San Lorenzo River Upper
380,2021-12-25,4.6,San Lorenzo River Upper
381,2021-12-25,31.8,San Lorenzo River Upper
382,2021-12-26,22.1,San Lorenzo River Upper
383,2021-12-26,23.1,San Lorenzo River Upper
384,2021-12-26,40.1,San Lorenzo River Upper
385,2021-11-27,0.0,Putah Creek
386,2021-11-27,0.0,Putah Creek
387,2021-11-28,0.0,Putah Creek
388,2021-11-28,0.0,Putah Creek
389,2021-11-29,0.0,Putah Creek
390,2021-11-29,0.0,Putah Creek
391,2021-11-30,0.0,Putah Creek
392,2021-11-30,0.0,Putah Creek
393,2021-12-01,0.0,Putah Creek
394,2021-12-01,0.0,Putah Creek
395,2021-12-02,0.0,Putah Creek
396,2021-12-02,0.0,Putah Creek
397,2021-12-03,0.0,Putah Creek
398,2021-12-03,0.0,Putah Creek
399,2021-12-04,0.0,Putah Creek
400,2021-12-04,0.0,Putah Creek
401,2021-12-05,0.0,Putah Creek
402,2021-12-05,0.3,Putah Creek
403,2021-12-06,0.0,Putah Creek
404,2021-12-06,0.0,Putah Creek
405,2021-12-07,2.3,Putah Creek
406,2021-12-07,2.3,Putah Creek
407,2021-12-08,0.5,Putah Creek
408,2021-12-08,0.0,Putah Creek
409,2021-12-09,0.8,Putah Creek
410,2021-12-09,1.8,Putah Creek
411,2021-12-10,0.0,Putah Creek
412,2021-12-10,0.0,Putah Creek
413,2021-12-11,0.0,Putah Creek
414,2021-12-11,0.0,Putah Creek
415,2021-12-12,4.1,Putah Creek
416,2021-12-12,6.9,Putah Creek
417,2021-12-13,50.3,Putah Creek
418,2021-12-13,52.8,Putah Creek
419,2021-12-14,52.1,Putah Creek
420,2021-12-14,48.8,Putah Creek
421,2021-12-15,0.5,Putah Creek
422,2021-12-15,0.3,Putah Creek
423,2021-12-16,28.7,Putah Creek
424,2021-12-16,25.9,Putah Creek
425,2021-12-17,0.0,Putah Creek
426,2021-12-17,0.0,Putah Creek
427,2021-12-18,0.0,Putah Creek
428,2021-12-18,0.3,Putah Creek
429,2021-12-19,0.0,Putah Creek
430,2021-12-19,0.0,Putah Creek
431,2021-12-20,0.0,Putah Creek
432,2021-12-20,0.0,Putah Creek
433,2021-12-21,0.0,Putah Creek
434,2021-12-21,0.0,Putah Creek
435,2021-12-22,16.8,Putah Creek
436,2021-12-22,17.0,Putah Creek
437,2021-12-23,19.1,Putah Creek
438,2021-12-23,18.0,Putah Creek
439,2021-12-24,1.5,Putah Creek
440,2021-12-24,0.5,Putah Creek
441,2021-12-25,4.3,Putah Creek
442,2021-12-25,5.3,Putah Creek
443,2021-12-26,10.2,Putah Creek
444,2021-12-26,12.4,Putah Creek
445,2021-12-27,2.0,Putah Creek
446,2021-12-27,1.5,Putah Creek
447,2021-12-28,0.5,Putah Creek
448,2021-12-28,0.5,Putah Creek
449,2021-12-29,15.5,Putah Creek
450,2021-12-29,16.5,Putah Creek
451,2021-12-30,2.3,Putah Creek
452,2021-12-30,1.0,Putah Creek
453,2021-12-31,0.0,Putah Creek
454,2021-12-31,0.3,Putah Creek
455,2022-01-01,0.0,Putah Creek
456,2022-01-01,0.0,Putah Creek
457,2022-01-02,0.0,Putah Creek
458,2022-01-02,0.0,Putah Creek
459,2022-01-03,0.0,Putah Creek
460,2022-01-03,0.0,Putah Creek
461,2022-01-04,13.2,Putah Creek
462,2022-01-04,11.4,Putah Creek
463,2022-01-05,0.8,Putah Creek
464,2022-01-05,0.5,Putah Creek
465,2022-01-06,0.8,Putah Creek
466,2022-01-06,0.3,Putah Creek
467,2022-01-07,0.5,Putah Creek
468,2022-01-07,0.3,Putah Creek
469,2022-01-08,0.0,Putah Creek
470,2022-01-08,0.0,Putah Creek
471,2022-01-09,0.0,Putah Creek
472,2022-01-09,0.0,Putah Creek
473,2022-01-10,0.0,Putah Creek
474,2022-01-10,0.0,Putah Creek
475,2022-01-11,0.0,Putah Creek
476,2022-01-11,0.0,Putah Creek
477,2022-01-12,0.0,Putah Creek
478,2022-01-12,0.0,Putah Creek
479,2022-01-13,0.0,Putah Creek
480,2022-01-13,0.0,Putah Creek
481,2022-01-14,0.0,Putah Creek
482,2022-01-14,0.0,Putah Creek
483,2022-01-15,0.0,Putah Creek
484,2022-01-15,0.0,Putah Creek
485,2021-11-27,0.0,Little Truckee River
486,2021-11-27,0.0,Little Truckee River
487,2021-11-27,0.0,Little Truckee River
488,2021-11-27,0.0,Little Truckee River
489,2021-11-27,0.0,Little Truckee River
490,2021-11-28,0.0,Little Truckee River
491,2021-11-28,0.0,Little Truckee River
492,2021-11-28,0.0,Little Truckee River
493,2021-11-28,0.0,Little Truckee River
494,2021-11-28,0.0,Little Truckee River
495,2021-11-29,0.0,Little Truckee River
496,2021-11-29,0.0,Little Truckee River
497,2021-11-29,0.0,Little Truckee River
498,2021-11-29,0.0,Little Truckee River
499,2021-11-29,0.0,Little Truckee River
500,2021-11-30,0.0,Little Truckee River
501,2021-11-30,0.0,Little Truckee River
502,2021-11-30,0.0,Little Truckee River
503,2021-11-30,0.0,Little Truckee River
504,2021-11-30,0.0,Little Truckee River
505,2021-12-01,0.0,Little Truckee River
506,2021-12-01,0.0,Little Truckee River
507,2021-12-01,0.0,Little Truckee River
508,2021-12-01,0.0,Little Truckee River
509,2021-12-01,0.0,Little Truckee River
510,2021-12-02,0.0,Little Truckee River
511,2021-12-02,0.0,Little Truckee River
512,2021-12-02,0.0,Little Truckee River
513,2021-12-02,0.0,Little Truckee River
514,2021-12-02,0.0,Little Truckee River
515,2021-12-03,0.0,Little Truckee River
516,2021-12-03,0.0,Little Truckee River
517,2021-12-03,0.0,Little Truckee River
518,2021-12-03,0.0,Little Truckee River
519,2021-12-03,0.0,Little Truckee River
520,2021-12-04,0.0,Little Truckee River
521,2021-12-04,0.0,Little Truckee River
522,2021-12-04,0.0,Little Truckee River
523,2021-12-04,0.0,Little Truckee River
524,2021-12-04,0.0,Little Truckee River
525,2021-12-05,0.0,Little Truckee River
526,2021-12-05,0.0,Little Truckee River
527,2021-12-05,0.0,Little Truckee River
528,2021-12-05,0.0,Little Truckee River
529,2021-12-05,0.0,Little Truckee River
530,2021-12-06,0.0,Little Truckee River
531,2021-12-06,0.0,Little Truckee River
532,2021-12-06,0.0,Little Truckee River
533,2021-12-06,0.0,Little Truckee River
534,2021-12-06,2.5,Little Truckee River
535,2021-12-07,4.6,Little Truckee River
536,2021-12-07,7.6,Little Truckee River
537,2021-12-07,5.3,Little Truckee River
538,2021-12-07,6.4,Little Truckee River
539,2021-12-07,2.5,Little Truckee River
540,2021-12-08,0.0,Little Truckee River
541,2021-12-08,0.0,Little Truckee River
542,2021-12-08,0.3,Little Truckee River
543,2021-12-08,0.5,Little Truckee River
544,2021-12-08,0.0,Little Truckee River
545,2021-12-09,4.1,Little Truckee River
546,2021-12-09,7.9,Little Truckee River
547,2021-12-09,4.6,Little Truckee River
548,2021-12-09,7.4,Little Truckee River
549,2021-12-09,7.6,Little Truckee River
550,2021-12-10,4.1,Little Truckee River
551,2021-12-10,0.8,Little Truckee River
552,2021-12-10,4.1,Little Truckee River
553,2021-12-10,0.0,Little Truckee River
554,2021-12-10,0.0,Little Truckee River
555,2021-12-11,0.0,Little Truckee River
556,2021-12-11,0.0,Little Truckee River
557,2021-12-11,0.0,Little Truckee River
558,2021-12-11,0.0,Little Truckee River
559,2021-12-11,0.0,Little Truckee River
560,2021-12-12,0.3,Little Truckee River
561,2021-12-12,2.0,Little Truckee River
562,2021-12-12,0.0,Little Truckee River
563,2021-12-12,3.6,Little Truckee River
564,2021-12-12,27.9,Little Truckee River
565,2021-12-13,23.4,Little Truckee River
566,2021-12-13,33.3,Little Truckee River
567,2021-12-13,24.1,Little Truckee River
568,2021-12-13,33.5,Little Truckee River
569,2021-12-13,58.4,Little Truckee River
570,2021-12-14,21.8,Little Truckee River
571,2021-12-14,53.3,Little Truckee River
572,2021-12-14,50.3,Little Truckee River
573,2021-12-14,51.8,Little Truckee River
574,2021-12-14,15.2,Little Truckee River
575,2021-12-15,2.8,Little Truckee River
576,2021-12-15,4.1,Little Truckee River
577,2021-12-15,2.8,Little Truckee River
578,2021-12-15,6.4,Little Truckee River
579,2021-12-15,27.9,Little Truckee River
580,2021-12-16,15.0,Little Truckee River
581,2021-12-16,22.1,Little Truckee River
582,2021-12-16,15.7,Little Truckee River
583,2021-12-16,23.6,Little Truckee River
584,2021-12-16,7.6,Little Truckee River
585,2021-11-27,5.3,Smith River CC
586,2021-11-27,3.0,Smith River CC
587,2021-11-27,10.7,Smith River CC
588,2021-11-27,4.3,Smith River CC
589,2021-11-27,1.8,Smith River CC
590,2021-11-28,0.3,Smith River CC
591,2021-11-28,0.3,Smith River CC
592,2021-11-28,0.0,Smith River CC
593,2021-11-28,0.5,Smith River CC
594,2021-11-28,0.0,Smith River CC
595,2021-11-29,0.8,Smith River CC
596,2021-11-29,0.5,Smith River CC
597,2021-11-29,0.0,Smith River CC
598,2021-11-29,0.5,Smith River CC
599,2021-11-29,0.0,Smith River CC
600,2021-11-30,0.3,Smith River CC
601,2021-11-30,0.0,Smith River CC
602,2021-11-30,0.3,Smith River CC
603,2021-11-30,0.0,Smith River CC
604,2021-12-01,0.0,Smith River CC
605,2021-12-01,0.0,Smith River CC
606,2021-12-01,0.0,Smith River CC
607,2021-12-01,0.0,Smith River CC
608,2021-12-02,0.3,Smith River CC
609,2021-12-02,0.0,Smith River CC
610,2021-12-02,0.3,Smith River CC
611,2021-12-02,0.0,Smith River CC
612,2021-12-03,0.0,Smith River CC
613,2021-12-03,0.5,Smith River CC
614,2021-12-03,0.0,Smith River CC
615,2021-12-04,0.0,Smith River CC
616,2021-12-04,0.8,Smith River CC
617,2021-12-04,0.3,Smith River CC
618,2021-12-04,0.0,Smith River CC
619,2021-12-04,0.8,Smith River CC
620,2021-12-04,0.0,Smith River CC
621,2021-12-05,0.0,Smith River CC
622,2021-12-05,0.0,Smith River CC
623,2021-12-05,0.0,Smith River CC
624,2021-12-06,0.0,Smith River CC
625,2021-12-06,0.0,Smith River CC
626,2021-12-06,0.0,Smith River CC
627,2021-12-06,0.0,Smith River CC
628,2021-12-06,9.7,Smith River CC
629,2021-12-07,10.2,Smith River CC
630,2021-12-07,8.9,Smith River CC
631,2021-12-07,8.4,Smith River CC
632,2021-12-07,9.7,Smith River CC
633,2021-12-07,9.7,Smith River CC
634,2021-12-07,9.4,Smith River CC
635,2021-12-07,0.0,Smith River CC
636,2021-12-08,2.3,Smith River CC
637,2021-12-08,2.5,Smith River CC
638,2021-12-08,2.0,Smith River CC
639,2021-12-08,2.0,Smith River CC
640,2021-12-08,4.8,Smith River CC
641,2021-12-08,2.0,Smith River CC
642,2021-12-08,0.8,Smith River CC
643,2021-12-09,0.8,Smith River CC
644,2021-12-09,0.0,Smith River CC
645,2021-12-09,0.0,Smith River CC
646,2021-12-09,0.3,Smith River CC
647,2021-12-09,0.0,Smith River CC
648,2021-12-10,0.0,Smith River CC
649,2021-12-10,0.5,Smith River CC
650,2021-12-10,0.8,Smith River CC
651,2021-12-10,0.0,Smith River CC
652,2021-12-10,0.3,Smith River CC
653,2021-12-10,0.0,Smith River CC
654,2021-12-11,2.8,Smith River CC
655,2021-12-11,1.3,Smith River CC
656,2021-12-11,2.3,Smith River CC
657,2021-12-11,2.0,Smith River CC
658,2021-12-11,1.3,Smith River CC
659,2021-12-11,1.5,Smith River CC
660,2021-12-11,6.1,Smith River CC
661,2021-12-11,33.0,Smith River CC
662,2021-12-12,51.6,Smith River CC
663,2021-12-12,50.3,Smith River CC
664,2021-12-12,52.3,Smith River CC
665,2021-12-12,49.5,Smith River CC
666,2021-12-12,51.8,Smith River CC
667,2021-12-12,54.6,Smith River CC
668,2021-12-12,49.8,Smith River CC
669,2021-12-12,9.4,Smith River CC
670,2021-12-13,31.8,Smith River CC
671,2021-12-13,37.1,Smith River CC
672,2021-12-13,40.9,Smith River CC
673,2021-12-13,32.5,Smith River CC
674,2021-12-13,26.2,Smith River CC
675,2021-12-13,31.5,Smith River CC
676,2021-12-13,34.5,Smith River CC
677,2021-12-13,14.2,Smith River CC
678,2021-12-14,14.0,Smith River CC
679,2021-12-14,12.7,Smith River CC
680,2021-12-14,15.5,Smith River CC
681,2021-12-14,13.2,Smith River CC
682,2021-12-14,17.8,Smith River CC
683,2021-12-14,9.1,Smith River CC
684,2021-12-14,5.3,Smith River CC
685,2021-11-27,5.3,Smith River Fort Dick
686,2021-11-27,3.0,Smith River Fort Dick
687,2021-11-27,10.7,Smith River Fort Dick
688,2021-11-27,4.3,Smith River Fort Dick
689,2021-11-27,1.8,Smith River Fort Dick
690,2021-11-28,0.3,Smith River Fort Dick
691,2021-11-28,0.3,Smith River Fort Dick
692,2021-11-28,0.0,Smith River Fort Dick
693,2021-11-28,0.5,Smith River Fort Dick
694,2021-11-28,0.0,Smith River Fort Dick
695,2021-11-29,0.8,Smith River Fort Dick
696,2021-11-29,0.5,Smith River Fort Dick
697,2021-11-29,0.0,Smith River Fort Dick
698,2021-11-29,0.5,Smith River Fort Dick
699,2021-11-29,0.0,Smith River Fort Dick
700,2021-11-30,0.3,Smith River Fort Dick
701,2021-11-30,0.0,Smith River Fort Dick
702,2021-11-30,0.3,Smith River Fort Dick
703,2021-11-30,0.0,Smith River Fort Dick
704,2021-12-01,0.0,Smith River Fort Dick
705,2021-12-01,0.0,Smith River Fort Dick
706,2021-12-01,0.0,Smith River Fort Dick
707,2021-12-01,0.0,Smith River Fort Dick
708,2021-12-02,0.3,Smith River Fort Dick
709,2021-12-02,0.0,Smith River Fort Dick
710,2021-12-02,0.3,Smith River Fort Dick
711,2021-12-02,0.0,Smith River Fort Dick
712,2021-12-03,0.0,Smith River Fort Dick
713,2021-12-03,0.5,Smith River Fort Dick
714,2021-12-03,0.0,Smith River Fort Dick
715,2021-12-04,0.0,Smith River Fort Dick
716,2021-12-04,0.8,Smith River Fort Dick
717,2021-12-04,0.3,Smith River Fort Dick
718,2021-12-04,0.0,Smith River Fort Dick
719,2021-12-04,0.8,Smith River Fort Dick
720,2021-12-04,0.0,Smith River Fort Dick
721,2021-12-05,0.0,Smith River Fort Dick
722,2021-12-05,0.0,Smith River Fort Dick
723,2021-12-05,0.0,Smith River Fort Dick
724,2021-12-06,0.0,Smith River Fort Dick
725,2021-12-06,0.0,Smith River Fort Dick
726,2021-12-06,0.0,Smith River Fort Dick
727,2021-12-06,0.0,Smith River Fort Dick
728,2021-12-06,9.7,Smith River Fort Dick
729,2021-12-07,10.2,Smith River Fort Dick
730,2021-12-07,8.9,Smith River Fort Dick
731,2021-12-07,8.4,Smith River Fort Dick
732,2021-12-07,9.7,Smith River Fort Dick
733,2021-12-07,9.7,Smith River Fort Dick
734,2021-12-07,9.4,Smith River Fort Dick
735,2021-12-07,0.0,Smith River Fort Dick
736,2021-12-08,2.3,Smith River Fort Dick
737,2021-12-08,2.5,Smith River Fort Dick
738,2021-12-08,2.0,Smith River Fort Dick
739,2021-12-08,2.0,Smith River Fort Dick
740,2021-12-08,4.8,Smith River Fort Dick
741,2021-12-08,2.0,Smith River Fort Dick
742,2021-12-08,0.8,Smith River Fort Dick
743,2021-12-09,0.8,Smith River Fort Dick
744,2021-12-09,0.0,Smith River Fort Dick
745,2021-12-09,0.0,Smith River Fort Dick
746,2021-12-09,0.3,Smith River Fort Dick
747,2021-12-09,0.0,Smith River Fort Dick
748,2021-12-10,0.0,Smith River Fort Dick
749,2021-12-10,0.5,Smith River Fort Dick
750,2021-12-10,0.8,Smith River Fort Dick
751,2021-12-10,0.0,Smith River Fort Dick
752,2021-12-10,0.3,Smith River Fort Dick
753,2021-12-10,0.0,Smith River Fort Dick
754,2021-12-11,2.8,Smith River Fort Dick
755,2021-12-11,1.3,Smith River Fort Dick
756,2021-12-11,2.3,Smith River Fort Dick
757,2021-12-11,2.0,Smith River Fort Dick
758,2021-12-11,1.3,Smith River Fort Dick
759,2021-12-11,1.5,Smith River Fort Dick
760,2021-12-11,6.1,Smith River Fort Dick
761,2021-12-11,33.0,Smith River Fort Dick
762,2021-12-12,51.6,Smith River Fort Dick
763,2021-12-12,50.3,Smith River Fort Dick
764,2021-12-12,52.3,Smith River Fort Dick
765,2021-12-12,49.5,Smith River Fort Dick
766,2021-12-12,51.8,Smith River Fort Dick
767,2021-12-12,54.6,Smith River Fort Dick
768,2021-12-12,49.8,Smith River Fort Dick
769,2021-12-12,9.4,Smith River Fort Dick
770,2021-12-13,31.8,Smith River Fort Dick
771,2021-12-13,37.1,Smith River Fort Dick
772,2021-12-13,40.9,Smith River Fort Dick
773,2021-12-13,32.5,Smith River Fort Dick
774,2021-12-13,26.2,Smith River Fort Dick
775,2021-12-13,31.5,Smith River Fort Dick
776,2021-12-13,34.5,Smith River Fort Dick
777,2021-12-13,14.2,Smith River Fort Dick
778,2021-12-14,14.0,Smith River Fort Dick
779,2021-12-14,12.7,Smith River Fort Dick
780,2021-12-14,15.5,Smith River Fort Dick
781,2021-12-14,13.2,Smith River Fort Dick
782,2021-12-14,17.8,Smith River Fort Dick
783,2021-12-14,9.1,Smith River Fort Dick
784,2021-12-14,5.3,Smith River Fort Dick
785,2021-11-27,0.0,Eel River Scotia
786,2021-11-28,0.0,Eel River Scotia
787,2021-11-29,0.0,Eel River Scotia
788,2021-11-30,0.0,Eel River Scotia
789,2021-12-01,0.0,Eel River Scotia
790,2021-12-02,0.5,Eel River Scotia
791,2021-12-03,0.0,Eel River Scotia
792,2021-12-04,0.0,Eel River Scotia
793,2021-12-05,0.0,Eel River Scotia
794,2021-12-06,2.8,Eel River Scotia
795,2021-12-07,17.3,Eel River Scotia
796,2021-12-08,1.0,Eel River Scotia
797,2021-12-09,0.3,Eel River Scotia
798,2021-12-10,0.0,Eel River Scotia
799,2021-12-11,8.6,Eel River Scotia
800,2021-12-12,37.6,Eel River Scotia
801,2021-12-13,32.3,Eel River Scotia
802,2021-12-14,3.3,Eel River Scotia
803,2021-12-15,26.9,Eel River Scotia
804,2021-12-16,0.3,Eel River Scotia
805,2021-12-17,0.3,Eel River Scotia
806,2021-12-18,0.0,Eel River Scotia
807,2021-12-19,0.0,Eel River Scotia
808,2021-12-20,0.3,Eel River Scotia
809,2021-12-21,12.7,Eel River Scotia
810,2021-12-22,10.2,Eel River Scotia
811,2021-12-23,21.8,Eel River Scotia
812,2021-12-24,8.4,Eel River Scotia
813,2021-12-25,8.6,Eel River Scotia
814,2021-12-26,14.0,Eel River Scotia
815,2021-12-27,20.1,Eel River Scotia
816,2021-12-28,1.0,Eel River Scotia
817,2021-12-29,4.1,Eel River Scotia
818,2021-12-30,0.0,Eel River Scotia
819,2021-12-31,2.8,Eel River Scotia
820,2022-01-01,0.3,Eel River Scotia
821,2022-01-02,0.0,Eel River Scotia
822,2022-01-03,21.3,Eel River Scotia
823,2022-01-04,17.5,Eel River Scotia
824,2022-01-05,1.8,Eel River Scotia
825,2022-01-06,2.0,Eel River Scotia
826,2022-01-07,8.1,Eel River Scotia
827,2022-01-08,0.0,Eel River Scotia
828,2022-01-09,0.0,Eel River Scotia
829,2022-01-10,0.0,Eel River Scotia
830,2022-01-11,0.0,Eel River Scotia
831,2022-01-12,0.0,Eel River Scotia
832,2022-01-13,1.0,Eel River Scotia
833,2022-01-14,0.0,Eel River Scotia
834,2022-01-15,0.0,Eel River Scotia
835,2022-01-16,0.0,Eel River Scotia
836,2022-01-17,0.0,Eel River Scotia
837,2022-01-18,0.0,Eel River Scotia
838,2022-01-19,0.0,Eel River Scotia
839,2022-01-20,0.0,Eel River Scotia
840,2022-01-21,0.0,Eel River Scotia
841,2022-01-22,0.0,Eel River Scotia
842,2022-01-23,0.0,Eel River Scotia
843,2022-01-24,0.0,Eel River Scotia
844,2022-01-25,0.0,Eel River Scotia
845,2022-01-26,0.0,Eel River Scotia
846,2022-01-27,0.0,Eel River Scotia
847,2022-01-28,0.0,Eel River Scotia
848,2022-01-29,0.0,Eel River Scotia
849,2022-01-30,1.0,Eel River Scotia
850,2022-01-31,1.3,Eel River Scotia
851,2022-02-04,0.0,Eel River Scotia
852,2022-02-05,0.0,Eel River Scotia
853,2022-02-06,0.0,Eel River Scotia
854,2022-02-18,0.0,Eel River Scotia
855,2022-02-19,0.0,Eel River Scotia
856,2022-02-20,0.0,Eel River Scotia
857,2022-02-27,0.0,Eel River Scotia
858,2022-02-28,0.0,Eel River Scotia
859,2021-11-27,0.0,Eel River Fernbridge
860,2021-11-27,0.0,Eel River Fernbridge
861,2021-11-28,0.0,Eel River Fernbridge
862,2021-11-28,0.3,Eel River Fernbridge
863,2021-11-28,0.5,Eel River Fernbridge
864,2021-11-29,0.5,Eel River Fernbridge
865,2021-11-30,0.3,Eel River Fernbridge
866,2021-12-01,0.0,Eel River Fernbridge
867,2021-12-01,0.3,Eel River Fernbridge
868,2021-12-02,0.0,Eel River Fernbridge
869,2021-12-02,0.5,Eel River Fernbridge
870,2021-12-02,1.0,Eel River Fernbridge
871,2021-12-03,0.0,Eel River Fernbridge
872,2021-12-03,0.0,Eel River Fernbridge
873,2021-12-04,0.0,Eel River Fernbridge
874,2021-12-04,0.3,Eel River Fernbridge
875,2021-12-04,0.8,Eel River Fernbridge
876,2021-12-05,0.0,Eel River Fernbridge
877,2021-12-05,0.0,Eel River Fernbridge
878,2021-12-06,0.0,Eel River Fernbridge
879,2021-12-06,0.0,Eel River Fernbridge
880,2021-12-07,0.0,Eel River Fernbridge
881,2021-12-07,13.2,Eel River Fernbridge
882,2021-12-07,15.2,Eel River Fernbridge
883,2021-12-07,14.0,Eel River Fernbridge
884,2021-12-08,0.0,Eel River Fernbridge
885,2021-12-08,0.0,Eel River Fernbridge
886,2021-12-08,1.3,Eel River Fernbridge
887,2021-12-08,1.0,Eel River Fernbridge
888,2021-12-09,0.0,Eel River Fernbridge
889,2021-12-09,0.0,Eel River Fernbridge
890,2021-12-09,0.5,Eel River Fernbridge
891,2021-12-09,1.0,Eel River Fernbridge
892,2021-12-10,0.0,Eel River Fernbridge
893,2021-12-10,0.0,Eel River Fernbridge
894,2021-12-10,0.0,Eel River Fernbridge
895,2021-12-11,0.0,Eel River Fernbridge
896,2021-12-11,0.0,Eel River Fernbridge
897,2021-12-11,0.0,Eel River Fernbridge
898,2021-12-12,37.3,Eel River Fernbridge
899,2021-12-12,16.3,Eel River Fernbridge
900,2021-12-12,13.2,Eel River Fernbridge
901,2021-12-12,23.1,Eel River Fernbridge
902,2021-12-12,20.3,Eel River Fernbridge
903,2021-12-13,14.0,Eel River Fernbridge
904,2021-12-13,9.7,Eel River Fernbridge
905,2021-12-13,13.0,Eel River Fernbridge
906,2021-12-13,13.5,Eel River Fernbridge
907,2021-12-13,10.2,Eel River Fernbridge
908,2021-12-14,11.2,Eel River Fernbridge
909,2021-12-14,19.3,Eel River Fernbridge
910,2021-12-14,12.2,Eel River Fernbridge
911,2021-12-14,12.2,Eel River Fernbridge
912,2021-12-14,14.7,Eel River Fernbridge
913,2021-12-15,1.0,Eel River Fernbridge
914,2021-12-15,1.0,Eel River Fernbridge
915,2021-12-15,1.3,Eel River Fernbridge
916,2021-12-15,0.8,Eel River Fernbridge
917,2021-12-15,1.5,Eel River Fernbridge
918,2021-12-16,33.0,Eel River Fernbridge
919,2021-12-16,32.0,Eel River Fernbridge
920,2021-12-16,29.2,Eel River Fernbridge
921,2021-12-16,31.5,Eel River Fernbridge
922,2021-12-16,32.8,Eel River Fernbridge
923,2021-12-17,0.0,Eel River Fernbridge
924,2021-12-17,0.8,Eel River Fernbridge
925,2021-12-17,4.8,Eel River Fernbridge
926,2021-12-18,0.0,Eel River Fernbridge
927,2021-12-18,0.3,Eel River Fernbridge
928,2021-12-19,0.0,Eel River Fernbridge
929,2021-12-19,0.0,Eel River Fernbridge
930,2021-12-20,0.0,Eel River Fernbridge
931,2021-12-20,0.0,Eel River Fernbridge
932,2021-12-21,1.3,Eel River Fernbridge
933,2021-12-21,0.5,Eel River Fernbridge
934,2021-12-21,1.0,Eel River Fernbridge
935,2021-12-22,6.6,Eel River Fernbridge
936,2021-12-22,5.1,Eel River Fernbridge
937,2021-12-22,6.4,Eel River Fernbridge
938,2021-12-23,14.5,Eel River Fernbridge
939,2021-12-23,17.0,Eel River Fernbridge
940,2021-12-23,20.1,Eel River Fernbridge
941,2021-12-23,19.3,Eel River Fernbridge
942,2021-12-24,10.9,Eel River Fernbridge
943,2021-12-24,8.9,Eel River Fernbridge
944,2021-12-24,7.9,Eel River Fernbridge
945,2021-12-24,22.9,Eel River Fernbridge
946,2021-12-24,10.9,Eel River Fernbridge
947,2021-12-25,17.8,Eel River Fernbridge
948,2021-12-25,19.3,Eel River Fernbridge
949,2021-12-25,16.0,Eel River Fernbridge
950,2021-12-25,9.9,Eel River Fernbridge
951,2021-12-25,19.6,Eel River Fernbridge
952,2021-12-26,13.2,Eel River Fernbridge
953,2021-12-26,14.7,Eel River Fernbridge
954,2021-12-26,11.4,Eel River Fernbridge
955,2021-12-26,15.5,Eel River Fernbridge
956,2021-12-26,15.0,Eel River Fernbridge
957,2021-12-27,26.4,Eel River Fernbridge
958,2021-12-27,24.9,Eel River Fernbridge
959,2021-11-27,0.0,San Lorenzo River
960,2021-11-27,0.0,San Lorenzo River
961,2021-11-27,0.0,San Lorenzo River
962,2021-11-28,0.0,San Lorenzo River
963,2021-11-28,0.0,San Lorenzo River
964,2021-11-28,0.0,San Lorenzo River
965,2021-11-29,0.0,San Lorenzo River
966,2021-11-29,0.0,San Lorenzo River
967,2021-11-29,0.0,San Lorenzo River
968,2021-11-30,0.0,San Lorenzo River
969,2021-11-30,0.0,San Lorenzo River
970,2021-12-01,0.0,San Lorenzo River
971,2021-12-01,0.0,San Lorenzo River
972,2021-12-01,0.0,San Lorenzo River
973,2021-12-02,0.0,San Lorenzo River
974,2021-12-02,0.0,San Lorenzo River
975,2021-12-02,0.0,San Lorenzo River
976,2021-12-03,0.0,San Lorenzo River
977,2021-12-03,0.3,San Lorenzo River
978,2021-12-03,0.0,San Lorenzo River
979,2021-12-04,0.0,San Lorenzo River
980,2021-12-04,0.0,San Lorenzo River
981,2021-12-04,0.0,San Lorenzo River
982,2021-12-05,0.0,San Lorenzo River
983,2021-12-05,0.3,San Lorenzo River
984,2021-12-05,0.0,San Lorenzo River
985,2021-12-06,0.0,San Lorenzo River
986,2021-12-06,0.0,San Lorenzo River
987,2021-12-06,0.0,San Lorenzo River
988,2021-12-07,2.8,San Lorenzo River
989,2021-12-07,2.5,San Lorenzo River
990,2021-12-07,3.8,San Lorenzo River
991,2021-12-07,2.8,San Lorenzo River
992,2021-12-08,0.0,San Lorenzo River
993,2021-12-08,0.0,San Lorenzo River
994,2021-12-08,0.0,San Lorenzo River
995,2021-12-09,3.3,San Lorenzo River
996,2021-12-09,3.0,San Lorenzo River
997,2021-12-09,1.8,San Lorenzo River
998,2021-12-09,2.5,San Lorenzo River
999,2021-12-10,0.0,San Lorenzo River
1000,2021-12-10,0.0,San Lorenzo River
1001,2021-12-10,0.0,San Lorenzo River
1002,2021-12-11,0.0,San Lorenzo River
1003,2021-12-11,0.0,San Lorenzo River
1004,2021-12-11,0.0,San Lorenzo River
1005,2021-12-12,0.0,San Lorenzo River
1006,2021-12-12,0.0,San Lorenzo River
1007,2021-12-12,0.3,San Lorenzo River
1008,2021-12-12,13.7,San Lorenzo River
1009,2021-12-13,161.0,San Lorenzo River
1010,2021-12-13,111.8,San Lorenzo River
1011,2021-12-13,140.2,San Lorenzo River
1012,2021-12-13,228.9,San Lorenzo River
1013,2021-12-14,109.2,San Lorenzo River
1014,2021-12-14,55.4,San Lorenzo River
1015,2021-12-14,81.0,San Lorenzo River
1016,2021-12-14,22.4,San Lorenzo River
1017,2021-12-15,2.8,San Lorenzo River
1018,2021-12-15,2.8,San Lorenzo River
1019,2021-12-15,3.3,San Lorenzo River
1020,2021-12-15,4.8,San Lorenzo River
1021,2021-12-16,64.5,San Lorenzo River
1022,2021-12-16,53.6,San Lorenzo River
1023,2021-12-16,73.4,San Lorenzo River
1024,2021-12-16,80.8,San Lorenzo River
1025,2021-12-17,0.0,San Lorenzo River
1026,2021-12-17,0.3,San Lorenzo River
1027,2021-12-17,0.0,San Lorenzo River
1028,2021-12-18,0.0,San Lorenzo River
1029,2021-12-18,0.0,San Lorenzo River
1030,2021-12-18,0.0,San Lorenzo River
1031,2021-12-19,0.0,San Lorenzo River
1032,2021-12-19,0.0,San Lorenzo River
1033,2021-12-19,0.0,San Lorenzo River
1034,2021-12-20,0.0,San Lorenzo River
1035,2021-12-20,0.0,San Lorenzo River
1036,2021-12-20,0.0,San Lorenzo River
1037,2021-12-21,0.0,San Lorenzo River
1038,2021-12-21,0.0,San Lorenzo River
1039,2021-12-21,0.0,San Lorenzo River
1040,2021-12-22,22.9,San Lorenzo River
1041,2021-12-22,25.9,San Lorenzo River
1042,2021-12-22,19.8,San Lorenzo River
1043,2021-12-22,32.0,San Lorenzo River
1044,2021-12-23,48.0,San Lorenzo River
1045,2021-12-23,43.2,San Lorenzo River
1046,2021-12-23,40.6,San Lorenzo River
1047,2021-12-23,52.3,San Lorenzo River
1048,2021-12-24,54.1,San Lorenzo River
1049,2021-12-24,43.7,San Lorenzo River
1050,2021-12-24,53.6,San Lorenzo River
1051,2021-12-24,28.7,San Lorenzo River
1052,2021-12-25,6.1,San Lorenzo River
1053,2021-12-25,5.6,San Lorenzo River
1054,2021-12-25,4.6,San Lorenzo River
1055,2021-12-25,31.8,San Lorenzo River
1056,2021-12-26,22.1,San Lorenzo River
1057,2021-12-26,23.1,San Lorenzo River
1058,2021-12-26,40.1,San Lorenzo River
1059,2021-11-27,0.0,Yuba River
1060,2021-11-28,0.0,Yuba River
1061,2021-11-29,0.0,Yuba River
1062,2021-11-30,0.0,Yuba River
1063,2021-12-01,0.0,Yuba River
1064,2021-12-02,0.0,Yuba River
1065,2021-12-03,0.0,Yuba River
1066,2021-12-04,0.0,Yuba River
1067,2021-12-05,0.0,Yuba River
1068,2021-12-06,3.6,Yuba River
1069,2021-12-07,0.0,Yuba River
1070,2021-12-08,13.5,Yuba River
1071,2021-12-09,0.0,Yuba River
1072,2021-12-10,0.0,Yuba River
1073,2021-12-11,22.6,Yuba River
1074,2021-12-12,95.8,Yuba River
1075,2021-12-13,87.9,Yuba River
1076,2021-12-14,7.6,Yuba River
1077,2021-12-15,49.0,Yuba River
1078,2021-12-16,0.0,Yuba River
1079,2021-12-17,0.0,Yuba River
1080,2021-12-18,0.0,Yuba River
1081,2021-12-19,0.0,Yuba River
1082,2021-12-20,0.0,Yuba River
1083,2021-12-21,11.7,Yuba River
1084,2021-12-22,85.9,Yuba River
1085,2021-12-23,44.7,Yuba River
1086,2021-12-24,52.1,Yuba River
1087,2021-12-25,26.2,Yuba River
1088,2021-12-26,40.4,Yuba River
1089,2021-12-27,17.0,Yuba River
1090,2021-12-28,22.6,Yuba River
1091,2021-12-29,4.3,Yuba River
1092,2021-12-30,0.0,Yuba River
1093,2021-12-31,0.0,Yuba River
1094,2022-02-14,0.0,North Fork American River
1095,2022-02-15,0.0,North Fork American River
1096,2022-02-16,0.0,North Fork American River
1097,2022-02-17,0.0,North Fork American River
1098,2022-02-18,0.0,North Fork American River
1099,2022-02-19,0.0,North Fork American River
1100,2022-02-21,0.0,North Fork American River
1101,2022-02-22,0.3,North Fork American River
1102,2022-02-23,5.1,North Fork American River
1103,2022-02-24,0.0,North Fork American River
1104,2022-02-25,0.0,North Fork American River
1105,2022-02-28,0.0,North Fork American River
1106,2021-11-27,0.0,Pit River
1107,2021-11-27,0.0,Pit River
1108,2021-11-28,0.0,Pit River
1109,2021-11-28,0.0,Pit River
1110,2021-11-29,0.0,Pit River
1111,2021-11-29,0.0,Pit River
1112,2021-11-30,0.0,Pit River
1113,2021-11-30,0.0,Pit River
1114,2021-12-01,0.0,Pit River
1115,2021-12-01,0.0,Pit River
1116,2021-12-02,0.0,Pit River
1117,2021-12-02,0.0,Pit River
1118,2021-12-03,0.0,Pit River
1119,2021-12-03,0.0,Pit River
1120,2021-12-04,0.0,Pit River
1121,2021-12-04,0.0,Pit River
1122,2021-12-05,0.0,Pit River
1123,2021-12-05,0.0,Pit River
1124,2021-12-06,0.0,Pit River
1125,2021-12-06,0.0,Pit River
1126,2021-12-07,2.5,Pit River
1127,2021-12-07,5.8,Pit River
1128,2021-12-08,0.5,Pit River
1129,2021-12-08,0.8,Pit River
1130,2021-12-09,0.0,Pit River
1131,2021-12-09,0.5,Pit River
1132,2021-12-10,0.0,Pit River
1133,2021-12-10,0.0,Pit River
1134,2021-12-11,0.0,Pit River
1135,2021-12-11,0.0,Pit River
1136,2021-12-12,54.1,Pit River
1137,2021-12-12,49.5,Pit River
1138,2021-12-13,48.3,Pit River
1139,2021-12-13,49.0,Pit River
1140,2021-12-14,29.5,Pit River
1141,2021-12-14,25.4,Pit River
1142,2021-12-15,3.8,Pit River
1143,2021-12-15,35.3,Pit River
1144,2021-12-16,43.7,Pit River
1145,2021-12-16,82.0,Pit River
1146,2021-12-17,0.0,Pit River
1147,2021-12-17,0.8,Pit River
1148,2021-12-18,0.0,Pit River
1149,2021-12-18,0.0,Pit River
1150,2021-12-19,0.0,Pit River
1151,2021-12-19,0.0,Pit River
1152,2021-12-20,0.0,Pit River
1153,2021-12-20,0.0,Pit River
1154,2021-12-21,0.0,Pit River
1155,2021-12-21,0.0,Pit River
1156,2021-12-22,0.0,Pit River
1157,2021-12-22,12.7,Pit River
1158,2021-12-23,0.0,Pit River
1159,2021-12-23,21.6,Pit River
1160,2021-12-24,50.8,Pit River
1161,2021-12-24,17.8,Pit River
1162,2021-12-25,18.3,Pit River
1163,2021-12-26,2.5,Pit River
1164,2021-12-27,15.2,Pit River
1165,2021-12-28,2.0,Pit River
1166,2021-12-28,7.6,Pit River
1167,2021-12-29,4.6,Pit River
1168,2021-12-29,17.8,Pit River
1169,2021-12-30,0.0,Pit River
1170,2021-12-30,7.6,Pit River
1171,2021-12-31,0.0,Pit River
1172,2021-12-31,2.5,Pit River
1173,2022-01-01,0.0,Pit River
1174,2022-01-03,5.1,Pit River
1175,2022-01-04,48.3,Pit River
1176,2022-01-05,7.6,Pit River
1177,2022-01-06,0.8,Pit River
1178,2022-01-07,14.0,Pit River
1179,2022-01-08,4.3,Pit River
1180,2022-01-09,0.5,Pit River
1181,2022-01-10,0.0,Pit River
1182,2022-01-11,0.0,Pit River
1183,2022-01-15,0.0,Pit River
1184,2022-01-16,0.0,Pit River
1185,2022-01-17,0.0,Pit River
1186,2022-01-18,0.0,Pit River
1187,2022-01-19,0.0,Pit River
1188,2022-01-20,0.0,Pit River
1189,2022-01-22,0.0,Pit River
1190,2022-01-23,0.0,Pit River
1191,2022-02-01,0.0,Pit River
1192,2022-02-02,0.0,Pit River
1193,2022-02-03,0.0,Pit River
1194,2022-02-26,0.0,Pit River
1195,2022-02-27,0.0,Pit River
1196,2022-02-28,0.0,Pit River
1197,2022-03-01,0.0,Pit River
1198,2021-11-27,0.0,East Walker
1199,2021-11-28,0.0,East Walker
1200,2021-11-28,0.0,East Walker
1201,2021-11-29,0.0,East Walker
1202,2021-11-30,0.0,East Walker
1203,2021-12-01,0.0,East Walker
1204,2021-12-02,0.0,East Walker
1205,2021-12-03,0.0,East Walker
1206,2021-12-04,0.0,East Walker
1207,2021-12-05,0.0,East Walker
1208,2021-12-06,0.0,East Walker
1209,2021-12-07,0.5,East Walker
1210,2021-12-08,0.0,East Walker
1211,2021-12-09,2.3,East Walker
1212,2021-12-10,0.0,East Walker
1213,2021-12-11,0.0,East Walker
1214,2021-12-12,0.0,East Walker
1215,2021-12-20,0.0,East Walker
1216,2021-12-21,0.0,East Walker
1217,2021-12-22,0.0,East Walker
1218,2022-01-02,0.0,East Walker
1219,2022-01-03,0.0,East Walker
1220,2022-01-03,0.0,East Walker
1221,2022-01-04,0.0,East Walker
1222,2022-01-05,0.0,East Walker
1223,2022-01-05,0.0,East Walker
1224,2022-01-06,0.0,East Walker
1225,2022-01-07,0.0,East Walker
1226,2022-01-08,0.0,East Walker
1227,2022-01-08,0.0,East Walker
1228,2022-01-09,0.0,East Walker
1229,2022-01-10,0.0,East Walker
1230,2022-01-11,0.0,East Walker
1231,2022-01-11,0.0,East Walker
1232,2022-01-12,0.0,East Walker
1233,2022-01-13,0.0,East Walker
1234,2022-01-13,0.0,East Walker
1235,2022-01-14,0.0,East Walker
1236,2022-01-14,0.0,East Walker
1237,2022-01-15,0.0,East Walker
1238,2022-01-15,0.0,East Walker
1239,2022-01-16,0.0,East Walker
1240,2022-01-17,0.0,East Walker
1241,2022-01-18,0.0,East Walker
1242,2022-01-19,0.0,East Walker
1243,2022-01-19,0.0,East Walker
1244,2022-01-20,0.0,East Walker
1245,2022-01-21,0.0,East Walker
1246,2022-01-22,0.0,East Walker
1247,2022-01-22,0.0,East Walker
1248,2022-01-23,0.0,East Walker
1249,2022-01-24,0.0,East Walker
1250,2022-01-25,0.0,East Walker
1251,2022-01-26,0.0,East Walker
1252,2022-01-27,0.0,East Walker
1253,2022-01-27,0.0,East Walker
1254,2022-01-28,0.0,East Walker
1255,2022-01-29,0.0,East Walker
1256,2022-01-30,0.0,East Walker
1257,2022-01-30,0.0,East Walker
1258,2022-01-31,0.0,East Walker
1259,2022-02-01,0.0,East Walker
1260,2022-02-02,0.0,East Walker
1261,2022-02-02,0.0,East Walker
1262,2022-02-03,0.0,East Walker
1263,2022-02-03,0.0,East Walker
1264,2022-02-04,0.0,East Walker
1265,2022-02-05,0.0,East Walker
1266,2022-02-05,0.0,East Walker
1267,2022-02-06,0.0,East Walker
1268,2022-02-07,0.0,East Walker
1269,2022-02-11,0.0,East Walker
1270,2022-02-12,0.0,East Walker
1271,2022-02-17,0.0,East Walker
1272,2022-02-18,0.0,East Walker
1273,2022-02-19,0.0,East Walker
1274,2022-02-23,2.5,East Walker
1275,2022-02-24,3.8,East Walker
1276,2022-02-25,0.0,East Walker
1277,2022-02-25,0.0,East Walker
1278,2022-02-26,0.0,East Walker
1279,2022-02-26,0.0,East Walker
1280,2022-02-27,0.0,East Walker
1281,2022-02-28,0.0,East Walker
1282,2022-03-01,0.0,East Walker
1283,2021-11-27,0.0,East Fork Carson
1284,2021-11-27,0.0,East Fork Carson
1285,2021-11-27,0.0,East Fork Carson
1286,2021-11-27,0.0,East Fork Carson
1287,2021-11-27,0.0,East Fork Carson
1288,2021-11-27,0.0,East Fork Carson
1289,2021-11-27,0.0,East Fork Carson
1290,2021-11-28,0.0,East Fork Carson
1291,2021-11-28,0.0,East Fork Carson
1292,2021-11-28,0.0,East Fork Carson
1293,2021-11-28,0.0,East Fork Carson
1294,2021-11-28,0.0,East Fork Carson
1295,2021-11-28,2.5,East Fork Carson
1296,2021-11-28,0.0,East Fork Carson
1297,2021-11-29,0.0,East Fork Carson
1298,2021-11-29,0.0,East Fork Carson
1299,2021-11-29,0.0,East Fork Carson
1300,2021-11-29,0.0,East Fork Carson
1301,2021-11-29,0.0,East Fork Carson
1302,2021-11-29,0.0,East Fork Carson
1303,2021-11-29,0.0,East Fork Carson
1304,2021-11-30,0.0,East Fork Carson
1305,2021-11-30,0.0,East Fork Carson
1306,2021-11-30,0.0,East Fork Carson
1307,2021-11-30,0.0,East Fork Carson
1308,2021-11-30,0.0,East Fork Carson
1309,2021-11-30,0.0,East Fork Carson
1310,2021-11-30,0.0,East Fork Carson
1311,2021-12-01,0.0,East Fork Carson
1312,2021-12-01,0.0,East Fork Carson
1313,2021-12-01,0.0,East Fork Carson
1314,2021-12-01,0.0,East Fork Carson
1315,2021-12-01,0.0,East Fork Carson
1316,2021-12-01,0.0,East Fork Carson
1317,2021-12-01,0.0,East Fork Carson
1318,2021-12-02,0.0,East Fork Carson
1319,2021-12-02,0.0,East Fork Carson
1320,2021-12-02,0.0,East Fork Carson
1321,2021-12-02,0.0,East Fork Carson
1322,2021-12-02,0.0,East Fork Carson
1323,2021-12-02,0.0,East Fork Carson
1324,2021-12-02,0.0,East Fork Carson
1325,2021-12-03,0.0,East Fork Carson
1326,2021-12-03,0.0,East Fork Carson
1327,2021-12-03,0.0,East Fork Carson
1328,2021-12-03,0.0,East Fork Carson
1329,2021-12-03,0.0,East Fork Carson
1330,2021-12-03,0.0,East Fork Carson
1331,2021-12-03,0.0,East Fork Carson
1332,2021-12-04,0.0,East Fork Carson
1333,2021-12-04,0.0,East Fork Carson
1334,2021-12-04,0.0,East Fork Carson
1335,2021-12-04,0.0,East Fork Carson
1336,2021-12-04,0.0,East Fork Carson
1337,2021-12-04,0.0,East Fork Carson
1338,2021-12-04,0.0,East Fork Carson
1339,2021-12-05,0.0,East Fork Carson
1340,2021-12-05,0.0,East Fork Carson
1341,2021-12-05,0.0,East Fork Carson
1342,2021-12-05,0.0,East Fork Carson
1343,2021-12-05,0.0,East Fork Carson
1344,2021-12-05,0.0,East Fork Carson
1345,2021-12-05,0.0,East Fork Carson
1346,2021-12-06,2.5,East Fork Carson
1347,2021-12-06,2.5,East Fork Carson
1348,2021-12-06,5.1,East Fork Carson
1349,2021-12-06,7.6,East Fork Carson
1350,2021-12-06,0.0,East Fork Carson
1351,2021-12-06,7.6,East Fork Carson
1352,2021-12-06,5.1,East Fork Carson
1353,2021-12-07,0.0,East Fork Carson
1354,2021-12-07,2.5,East Fork Carson
1355,2021-12-07,2.5,East Fork Carson
1356,2021-12-07,0.0,East Fork Carson
1357,2021-12-07,0.0,East Fork Carson
1358,2021-12-07,0.0,East Fork Carson
1359,2021-12-07,0.0,East Fork Carson
1360,2021-12-08,2.5,East Fork Carson
1361,2021-12-08,0.0,East Fork Carson
1362,2021-12-08,0.0,East Fork Carson
1363,2021-12-08,2.5,East Fork Carson
1364,2021-12-08,5.1,East Fork Carson
1365,2021-12-08,0.0,East Fork Carson
1366,2021-12-08,0.0,East Fork Carson
1367,2021-12-09,7.6,East Fork Carson
1368,2021-12-09,5.1,East Fork Carson
1369,2021-12-09,10.2,East Fork Carson
1370,2021-12-09,7.6,East Fork Carson
1371,2021-12-09,10.2,East Fork Carson
1372,2021-12-09,7.6,East Fork Carson
1373,2021-12-09,7.6,East Fork Carson
1374,2021-12-10,0.0,East Fork Carson
1375,2021-12-10,0.0,East Fork Carson
1376,2021-12-10,0.0,East Fork Carson
1377,2021-12-10,0.0,East Fork Carson
1378,2021-12-10,0.0,East Fork Carson
1379,2021-12-10,2.5,East Fork Carson
1380,2021-12-10,0.0,East Fork Carson
1381,2021-12-11,2.5,East Fork Carson
1382,2021-12-11,7.6,East Fork Carson
1383,2021-11-27,0.0,Trinity River Lewiston
1384,2021-11-28,0.0,Trinity River Lewiston
1385,2021-11-29,0.0,Trinity River Lewiston
1386,2021-11-30,0.0,Trinity River Lewiston
1387,2021-12-01,0.0,Trinity River Lewiston
1388,2021-12-02,0.0,Trinity River Lewiston
1389,2021-12-03,0.0,Trinity River Lewiston
1390,2021-12-04,0.0,Trinity River Lewiston
1391,2021-12-05,0.0,Trinity River Lewiston
1392,2021-12-06,0.0,Trinity River Lewiston
1393,2021-12-07,4.3,Trinity River Lewiston
1394,2021-12-08,0.0,Trinity River Lewiston
1395,2021-12-09,0.0,Trinity River Lewiston
1396,2021-12-10,0.0,Trinity River Lewiston
1397,2021-12-11,0.0,Trinity River Lewiston
1398,2021-12-12,16.8,Trinity River Lewiston
1399,2021-12-13,8.6,Trinity River Lewiston
1400,2021-12-14,12.2,Trinity River Lewiston
1401,2021-12-15,2.0,Trinity River Lewiston
1402,2021-12-16,29.7,Trinity River Lewiston
1403,2021-12-17,0.8,Trinity River Lewiston
1404,2021-12-18,0.0,Trinity River Lewiston
1405,2021-12-19,0.0,Trinity River Lewiston
1406,2021-12-20,0.0,Trinity River Lewiston
1407,2021-12-21,0.0,Trinity River Lewiston
1408,2021-12-22,10.4,Trinity River Lewiston
1409,2021-12-23,12.4,Trinity River Lewiston
1410,2021-12-24,3.3,Trinity River Lewiston
1411,2021-12-25,14.2,Trinity River Lewiston
1412,2021-12-26,7.1,Trinity River Lewiston
1413,2021-12-27,8.9,Trinity River Lewiston
1414,2021-12-28,0.5,Trinity River Lewiston
1415,2021-12-29,5.3,Trinity River Lewiston
1416,2021-12-30,0.0,Trinity River Lewiston
1417,2021-12-31,0.0,Trinity River Lewiston
1418,2022-01-01,0.3,Trinity River Lewiston
1419,2022-01-02,0.0,Trinity River Lewiston
1420,2022-01-03,0.3,Trinity River Lewiston
1421,2022-01-04,6.9,Trinity River Lewiston
1422,2022-01-05,4.3,Trinity River Lewiston
1423,2022-01-06,0.5,Trinity River Lewiston
1424,2022-01-07,6.9,Trinity River Lewiston
1425,2022-01-08,1.8,Trinity River Lewiston
1426,2022-01-09,0.0,Trinity River Lewiston
1427,2022-01-10,0.0,Trinity River Lewiston
1428,2022-01-11,0.0,Trinity River Lewiston
1429,2022-01-12,0.0,Trinity River Lewiston
1430,2022-01-13,0.0,Trinity River Lewiston
1431,2022-01-14,0.0,Trinity River Lewiston
1432,2022-01-15,0.0,Trinity River Lewiston
1433,2022-01-16,0.0,Trinity River Lewiston
1434,2022-01-17,0.0,Trinity River Lewiston
1435,2022-01-18,0.0,Trinity River Lewiston
1436,2022-01-19,0.0,Trinity River Lewiston
1437,2022-01-20,0.0,Trinity River Lewiston
1438,2022-01-21,0.0,Trinity River Lewiston
1439,2022-01-22,0.0,Trinity River Lewiston
1440,2022-01-23,0.0,Trinity River Lewiston
1441,2022-01-24,0.0,Trinity River Lewiston
1442,2022-01-25,0.0,Trinity River Lewiston
1443,2022-01-26,0.0,Trinity River Lewiston
1444,2022-01-27,0.0,Trinity River Lewiston
1445,2022-01-28,0.0,Trinity River Lewiston
1446,2022-01-29,0.0,Trinity River Lewiston
1447,2022-01-30,0.0,Trinity River Lewiston
1448,2022-01-31,0.0,Trinity River Lewiston
1449,2021-11-27,0.0,Trinity River Junction City
1450,2021-11-28,0.0,Trinity River Junction City
1451,2021-11-29,0.0,Trinity River Junction City
1452,2021-11-30,0.0,Trinity River Junction City
1453,2021-12-01,0.0,Trinity River Junction City
1454,2021-12-02,0.0,Trinity River Junction City
1455,2021-12-03,0.0,Trinity River Junction City
1456,2021-12-04,0.0,Trinity River Junction City
1457,2021-12-06,0.0,Trinity River Junction City
1458,2021-12-07,4.3,Trinity River Junction City
1459,2021-12-12,22.1,Trinity River Junction City
1460,2021-12-13,5.3,Trinity River Junction City
1461,2021-12-14,17.5,Trinity River Junction City
1462,2021-12-15,0.5,Trinity River Junction City
1463,2021-12-16,33.3,Trinity River Junction City
1464,2021-12-17,5.8,Trinity River Junction City
1465,2021-12-18,0.0,Trinity River Junction City
1466,2021-12-19,0.8,Trinity River Junction City
1467,2021-12-20,0.0,Trinity River Junction City
1468,2021-12-21,0.0,Trinity River Junction City
1469,2021-12-22,10.4,Trinity River Junction City
1470,2021-12-23,21.3,Trinity River Junction City
1471,2021-12-24,3.6,Trinity River Junction City
1472,2021-12-25,23.4,Trinity River Junction City
1473,2021-12-27,22.1,Trinity River Junction City
1474,2021-12-28,1.3,Trinity River Junction City
1475,2021-12-29,4.1,Trinity River Junction City
1476,2021-12-30,0.5,Trinity River Junction City
1477,2021-12-31,0.0,Trinity River Junction City
1478,2022-01-01,0.0,Trinity River Junction City
1479,2022-01-02,0.0,Trinity River Junction City
1480,2022-01-03,3.3,Trinity River Junction City
1481,2022-01-04,19.6,Trinity River Junction City
1482,2022-01-05,11.7,Trinity River Junction City
1483,2022-01-06,1.5,Trinity River Junction City
1484,2022-01-08,2.8,Trinity River Junction City
1485,2022-01-09,0.5,Trinity River Junction City
1486,2022-01-10,0.0,Trinity River Junction City
1487,2022-01-11,0.0,Trinity River Junction City
1488,2022-01-12,0.0,Trinity River Junction City
1489,2022-01-13,0.0,Trinity River Junction City
1490,2022-01-14,0.0,Trinity River Junction City
1491,2022-01-15,0.0,Trinity River Junction City
1492,2022-01-16,0.0,Trinity River Junction City
1493,2022-01-17,0.0,Trinity River Junction City
1494,2022-01-18,0.0,Trinity River Junction City
1495,2022-01-19,0.0,Trinity River Junction City
1496,2022-01-20,0.0,Trinity River Junction City
1497,2022-01-21,0.0,Trinity River Junction City
1498,2022-01-22,0.0,Trinity River Junction City
1499,2022-01-23,0.0,Trinity River Junction City
1500,2022-01-24,0.0,Trinity River Junction City
1501,2022-01-25,0.0,Trinity River Junction City
1502,2022-01-26,0.0,Trinity River Junction City
1503,2022-01-27,0.0,Trinity River Junction City
1504,2022-01-28,0.0,Trinity River Junction City
1505,2022-01-29,0.0,Trinity River Junction City
1506,2022-01-30,0.0,Trinity River Junction City
1507,2022-01-31,0.0,Trinity River Junction City
1508,2022-02-01,0.0,Trinity River Junction City
1509,2022-02-02,0.0,Trinity River Junction City
1510,2022-02-03,0.0,Trinity River Junction City
1511,2022-02-04,0.0,Trinity River Junction City
1512,2022-02-05,0.0,Trinity River Junction City
1513,2022-02-06,0.0,Trinity River Junction City
1514,2022-02-07,0.0,Trinity River Junction City
1515,2022-02-08,0.0,Trinity River Junction City
1516,2022-02-09,0.0,Trinity River Junction City
1517,2022-02-10,0.0,Trinity River Junction City
1518,2022-02-11,0.0,Trinity River Junction City
1519,2022-02-12,0.0,Trinity River Junction City
1520,2022-02-13,0.0,Trinity River Junction City
1521,2022-02-15,0.0,Trinity River Junction City
1522,2022-02-16,0.0,Trinity River Junction City
1523,2022-02-27,1.3,Trinity River Junction City
1524,2022-02-28,0.3,Trinity River Junction City
1525,2022-03-01,0.0,Trinity River Junction City
1526,2022-03-02,0.0,Trinity River Junction City
1527,2021-11-27,0.3,Rogue River Grants Pass
1528,2021-11-27,0.3,Rogue River Grants Pass
1529,2021-11-27,0.5,Rogue River Grants Pass
1530,2021-11-27,0.5,Rogue River Grants Pass
1531,2021-11-27,2.0,Rogue River Grants Pass
1532,2021-11-28,0.3,Rogue River Grants Pass
1533,2021-11-28,0.0,Rogue River Grants Pass
1534,2021-11-28,0.3,Rogue River Grants Pass
1535,2021-11-28,0.0,Rogue River Grants Pass
1536,2021-11-29,1.0,Rogue River Grants Pass
1537,2021-11-29,1.3,Rogue River Grants Pass
1538,2021-11-29,0.3,Rogue River Grants Pass
1539,2021-11-29,0.0,Rogue River Grants Pass
1540,2021-11-30,0.5,Rogue River Grants Pass
1541,2021-11-30,0.0,Rogue River Grants Pass
1542,2021-11-30,0.0,Rogue River Grants Pass
1543,2021-11-30,0.0,Rogue River Grants Pass
1544,2021-12-01,0.3,Rogue River Grants Pass
1545,2021-12-01,0.0,Rogue River Grants Pass
1546,2021-12-01,0.0,Rogue River Grants Pass
1547,2021-12-01,0.0,Rogue River Grants Pass
1548,2021-12-01,0.0,Rogue River Grants Pass
1549,2021-12-02,0.5,Rogue River Grants Pass
1550,2021-12-02,0.0,Rogue River Grants Pass
1551,2021-12-02,0.0,Rogue River Grants Pass
1552,2021-12-02,0.0,Rogue River Grants Pass
1553,2021-12-02,0.0,Rogue River Grants Pass
1554,2021-12-03,0.8,Rogue River Grants Pass
1555,2021-12-03,0.3,Rogue River Grants Pass
1556,2021-12-03,0.0,Rogue River Grants Pass
1557,2021-12-03,0.0,Rogue River Grants Pass
1558,2021-12-03,0.0,Rogue River Grants Pass
1559,2021-12-04,0.5,Rogue River Grants Pass
1560,2021-12-04,0.5,Rogue River Grants Pass
1561,2021-12-04,0.0,Rogue River Grants Pass
1562,2021-12-04,0.0,Rogue River Grants Pass
1563,2021-12-04,0.0,Rogue River Grants Pass
1564,2021-12-05,0.5,Rogue River Grants Pass
1565,2021-12-05,0.3,Rogue River Grants Pass
1566,2021-12-05,0.0,Rogue River Grants Pass
1567,2021-12-05,0.0,Rogue River Grants Pass
1568,2021-12-06,0.5,Rogue River Grants Pass
1569,2021-12-06,0.5,Rogue River Grants Pass
1570,2021-12-06,0.0,Rogue River Grants Pass
1571,2021-12-06,5.8,Rogue River Grants Pass
1572,2021-12-07,9.9,Rogue River Grants Pass
1573,2021-12-07,7.6,Rogue River Grants Pass
1574,2021-12-07,7.4,Rogue River Grants Pass
1575,2021-12-07,0.0,Rogue River Grants Pass
1576,2021-12-08,0.8,Rogue River Grants Pass
1577,2021-12-08,0.5,Rogue River Grants Pass
1578,2021-12-08,0.5,Rogue River Grants Pass
1579,2021-12-08,0.0,Rogue River Grants Pass
1580,2021-12-09,0.5,Rogue River Grants Pass
1581,2021-12-09,0.0,Rogue River Grants Pass
1582,2021-12-09,0.5,Rogue River Grants Pass
1583,2021-12-09,0.0,Rogue River Grants Pass
1584,2021-12-09,0.3,Rogue River Grants Pass
1585,2021-12-10,0.5,Rogue River Grants Pass
1586,2021-12-10,0.3,Rogue River Grants Pass
1587,2021-12-10,0.5,Rogue River Grants Pass
1588,2021-12-10,0.0,Rogue River Grants Pass
1589,2021-12-11,0.3,Rogue River Grants Pass
1590,2021-12-11,0.0,Rogue River Grants Pass
1591,2021-12-11,0.5,Rogue River Grants Pass
1592,2021-12-11,0.0,Rogue River Grants Pass
1593,2021-12-11,24.4,Rogue River Grants Pass
1594,2021-12-12,37.8,Rogue River Grants Pass
1595,2021-12-12,36.1,Rogue River Grants Pass
1596,2021-12-12,31.2,Rogue River Grants Pass
1597,2021-12-12,28.4,Rogue River Grants Pass
1598,2021-12-12,18.0,Rogue River Grants Pass
1599,2021-12-13,28.2,Rogue River Grants Pass
1600,2021-12-13,29.7,Rogue River Grants Pass
1601,2021-12-13,24.4,Rogue River Grants Pass
1602,2021-12-13,18.0,Rogue River Grants Pass
1603,2021-12-13,54.9,Rogue River Grants Pass
1604,2021-12-14,25.1,Rogue River Grants Pass
1605,2021-12-14,30.5,Rogue River Grants Pass
1606,2021-12-14,21.1,Rogue River Grants Pass
1607,2021-12-14,24.1,Rogue River Grants Pass
1608,2021-12-14,1.0,Rogue River Grants Pass
1609,2021-12-15,0.8,Rogue River Grants Pass
1610,2021-12-15,0.8,Rogue River Grants Pass
1611,2021-12-15,0.0,Rogue River Grants Pass
1612,2021-12-15,30.0,Rogue River Grants Pass
1613,2021-12-16,33.0,Rogue River Grants Pass
1614,2021-12-16,23.6,Rogue River Grants Pass
1615,2021-12-16,21.6,Rogue River Grants Pass
1616,2021-12-16,5.3,Rogue River Grants Pass
1617,2021-12-17,0.5,Rogue River Grants Pass
1618,2021-12-17,0.3,Rogue River Grants Pass
1619,2021-12-17,0.0,Rogue River Grants Pass
1620,2021-12-17,0.3,Rogue River Grants Pass
1621,2021-12-17,0.0,Rogue River Grants Pass
1622,2021-12-18,0.3,Rogue River Grants Pass
1623,2021-12-18,0.0,Rogue River Grants Pass
1624,2021-12-18,0.0,Rogue River Grants Pass
1625,2021-12-18,0.0,Rogue River Grants Pass
1626,2021-12-18,0.3,Rogue River Grants Pass
1627,2021-11-27,24.6,Nestucca River Beaver
1628,2021-11-28,17.3,Nestucca River Beaver
1629,2021-11-29,2.0,Nestucca River Beaver
1630,2021-11-30,0.0,Nestucca River Beaver
1631,2021-12-01,0.0,Nestucca River Beaver
1632,2021-12-02,1.5,Nestucca River Beaver
1633,2021-12-02,1.3,Nestucca River Beaver
1634,2021-12-03,0.0,Nestucca River Beaver
1635,2021-12-03,0.0,Nestucca River Beaver
1636,2021-12-04,4.3,Nestucca River Beaver
1637,2021-12-04,8.9,Nestucca River Beaver
1638,2021-12-05,0.0,Nestucca River Beaver
1639,2021-12-06,18.5,Nestucca River Beaver
1640,2021-12-07,17.3,Nestucca River Beaver
1641,2021-12-07,9.7,Nestucca River Beaver
1642,2021-12-08,5.8,Nestucca River Beaver
1643,2021-12-09,13.5,Nestucca River Beaver
1644,2021-12-10,3.8,Nestucca River Beaver
1645,2021-12-10,41.4,Nestucca River Beaver
1646,2021-12-11,12.7,Nestucca River Beaver
1647,2021-12-12,30.0,Nestucca River Beaver
1648,2021-12-13,11.4,Nestucca River Beaver
1649,2021-12-14,7.1,Nestucca River Beaver
1650,2021-12-15,10.9,Nestucca River Beaver
1651,2021-12-15,10.7,Nestucca River Beaver
1652,2021-12-16,3.0,Nestucca River Beaver
1653,2021-12-17,0.0,Nestucca River Beaver
1654,2021-12-18,2.3,Nestucca River Beaver
1655,2021-12-18,50.8,Nestucca River Beaver
1656,2021-12-19,53.8,Nestucca River Beaver
1657,2021-12-19,27.4,Nestucca River Beaver
1658,2021-12-20,17.8,Nestucca River Beaver
1659,2021-12-21,16.0,Nestucca River Beaver
1660,2021-12-21,0.0,Nestucca River Beaver
1661,2021-12-22,23.1,Nestucca River Beaver
1662,2021-12-22,28.7,Nestucca River Beaver
1663,2021-12-23,10.4,Nestucca River Beaver
1664,2021-12-23,8.4,Nestucca River Beaver
1665,2021-12-24,8.1,Nestucca River Beaver
1666,2021-12-25,8.9,Nestucca River Beaver
1667,2021-12-26,0.5,Nestucca River Beaver
1668,2021-12-27,0.5,Nestucca River Beaver
1669,2021-12-28,0.5,Nestucca River Beaver
1670,2021-12-29,0.0,Nestucca River Beaver
1671,2021-12-30,17.8,Nestucca River Beaver
1672,2021-12-31,6.6,Nestucca River Beaver
1673,2021-12-31,2.5,Nestucca River Beaver
1674,2022-01-01,0.0,Nestucca River Beaver
1675,2022-01-02,0.5,Nestucca River Beaver
1676,2022-01-02,45.7,Nestucca River Beaver
1677,2022-01-03,48.3,Nestucca River Beaver
1678,2022-01-03,6.4,Nestucca River Beaver
1679,2022-01-04,5.3,Nestucca River Beaver
1680,2022-01-04,14.0,Nestucca River Beaver
1681,2022-01-05,50.8,Nestucca River Beaver
1682,2022-01-06,40.6,Nestucca River Beaver
1683,2022-01-07,12.7,Nestucca River Beaver
1684,2022-01-08,0.0,Nestucca River Beaver
1685,2022-01-09,0.0,Nestucca River Beaver
1686,2022-01-10,12.7,Nestucca River Beaver
1687,2022-01-11,3.0,Nestucca River Beaver
1688,2022-01-12,0.0,Nestucca River Beaver
1689,2022-01-13,15.5,Nestucca River Beaver
1690,2022-01-13,14.2,Nestucca River Beaver
1691,2022-01-14,10.7,Nestucca River Beaver
1692,2022-01-14,0.0,Nestucca River Beaver
1693,2022-01-15,0.0,Nestucca River Beaver
1694,2022-01-16,0.0,Nestucca River Beaver
1695,2022-01-17,0.0,Nestucca River Beaver
1696,2022-01-18,7.1,Nestucca River Beaver
1697,2022-01-19,43.2,Nestucca River Beaver
1698,2022-01-20,30.5,Nestucca River Beaver
1699,2022-01-20,7.1,Nestucca River Beaver
1700,2022-01-21,0.0,Nestucca River Beaver
1701,2022-01-22,0.0,Nestucca River Beaver
1702,2022-01-23,0.0,Nestucca River Beaver
1703,2022-01-24,0.0,Nestucca River Beaver
1704,2022-01-24,0.0,Nestucca River Beaver
1705,2022-01-25,0.0,Nestucca River Beaver
1706,2022-01-26,0.0,Nestucca River Beaver
1707,2022-01-27,0.0,Nestucca River Beaver
1708,2022-01-28,0.0,Nestucca River Beaver
1709,2022-01-29,0.0,Nestucca River Beaver
1710,2022-01-30,16.0,Nestucca River Beaver
1711,2022-01-31,10.2,Nestucca River Beaver
1712,2022-02-02,5.3,Nestucca River Beaver
1713,2022-02-03,2.0,Nestucca River Beaver
1714,2022-02-06,0.3,Nestucca River Beaver
1715,2022-02-07,1.0,Nestucca River Beaver
1716,2022-02-08,0.3,Nestucca River Beaver
1717,2022-02-09,0.0,Nestucca River Beaver
1718,2021-11-27,0.0,Van Duzen River Bridgeville
1719,2021-11-27,0.0,Van Duzen River Bridgeville
1720,2021-11-27,0.0,Van Duzen River Bridgeville
1721,2021-11-27,0.0,Van Duzen River Bridgeville
1722,2021-11-28,0.0,Van Duzen River Bridgeville
1723,2021-11-28,0.0,Van Duzen River Bridgeville
1724,2021-11-28,0.0,Van Duzen River Bridgeville
1725,2021-11-28,0.0,Van Duzen River Bridgeville
1726,2021-11-29,0.0,Van Duzen River Bridgeville
1727,2021-11-29,0.0,Van Duzen River Bridgeville
1728,2021-11-29,0.0,Van Duzen River Bridgeville
1729,2021-11-29,0.0,Van Duzen River Bridgeville
1730,2021-11-30,0.0,Van Duzen River Bridgeville
1731,2021-11-30,0.0,Van Duzen River Bridgeville
1732,2021-11-30,0.0,Van Duzen River Bridgeville
1733,2021-11-30,0.0,Van Duzen River Bridgeville
1734,2021-12-01,0.0,Van Duzen River Bridgeville
1735,2021-12-01,0.0,Van Duzen River Bridgeville
1736,2021-12-01,0.0,Van Duzen River Bridgeville
1737,2021-12-01,0.0,Van Duzen River Bridgeville
1738,2021-12-02,0.0,Van Duzen River Bridgeville
1739,2021-12-02,0.0,Van Duzen River Bridgeville
1740,2021-12-02,0.0,Van Duzen River Bridgeville
1741,2021-12-02,0.0,Van Duzen River Bridgeville
1742,2021-12-03,0.0,Van Duzen River Bridgeville
1743,2021-12-03,0.0,Van Duzen River Bridgeville
1744,2021-12-03,0.0,Van Duzen River Bridgeville
1745,2021-12-03,0.0,Van Duzen River Bridgeville
1746,2021-12-04,0.0,Van Duzen River Bridgeville
1747,2021-12-04,0.0,Van Duzen River Bridgeville
1748,2021-12-04,0.0,Van Duzen River Bridgeville
1749,2021-12-04,0.0,Van Duzen River Bridgeville
1750,2021-12-05,0.0,Van Duzen River Bridgeville
1751,2021-12-05,0.0,Van Duzen River Bridgeville
1752,2021-12-05,0.0,Van Duzen River Bridgeville
1753,2021-12-05,0.0,Van Duzen River Bridgeville
1754,2021-12-06,0.0,Van Duzen River Bridgeville
1755,2021-12-06,0.0,Van Duzen River Bridgeville
1756,2021-12-06,0.0,Van Duzen River Bridgeville
1757,2021-12-06,0.0,Van Duzen River Bridgeville
1758,2021-12-07,8.9,Van Duzen River Bridgeville
1759,2021-12-07,9.7,Van Duzen River Bridgeville
1760,2021-12-07,10.2,Van Duzen River Bridgeville
1761,2021-12-07,9.1,Van Duzen River Bridgeville
1762,2021-12-08,0.0,Van Duzen River Bridgeville
1763,2021-12-08,0.0,Van Duzen River Bridgeville
1764,2021-12-08,0.0,Van Duzen River Bridgeville
1765,2021-12-08,0.0,Van Duzen River Bridgeville
1766,2021-12-09,2.5,Van Duzen River Bridgeville
1767,2021-12-09,0.5,Van Duzen River Bridgeville
1768,2021-12-09,0.0,Van Duzen River Bridgeville
1769,2021-12-09,0.0,Van Duzen River Bridgeville
1770,2021-12-10,0.0,Van Duzen River Bridgeville
1771,2021-12-10,0.0,Van Duzen River Bridgeville
1772,2021-12-10,0.0,Van Duzen River Bridgeville
1773,2021-12-10,0.0,Van Duzen River Bridgeville
1774,2021-12-11,0.0,Van Duzen River Bridgeville
1775,2021-12-11,0.0,Van Duzen River Bridgeville
1776,2021-12-11,0.0,Van Duzen River Bridgeville
1777,2021-12-11,0.0,Van Duzen River Bridgeville
1778,2021-12-12,28.4,Van Duzen River Bridgeville
1779,2021-12-12,24.9,Van Duzen River Bridgeville
1780,2021-12-12,24.4,Van Duzen River Bridgeville
1781,2021-12-12,20.1,Van Duzen River Bridgeville
1782,2021-12-13,33.3,Van Duzen River Bridgeville
1783,2021-12-13,31.5,Van Duzen River Bridgeville
1784,2021-12-13,27.4,Van Duzen River Bridgeville
1785,2021-12-13,19.6,Van Duzen River Bridgeville
1786,2021-12-13,30.5,Van Duzen River Bridgeville
1787,2021-12-14,28.7,Van Duzen River Bridgeville
1788,2021-12-14,26.4,Van Duzen River Bridgeville
1789,2021-12-14,36.6,Van Duzen River Bridgeville
1790,2021-12-14,35.6,Van Duzen River Bridgeville
1791,2021-12-15,2.8,Van Duzen River Bridgeville
1792,2021-12-15,1.0,Van Duzen River Bridgeville
1793,2021-12-15,1.8,Van Duzen River Bridgeville
1794,2021-12-15,1.0,Van Duzen River Bridgeville
1795,2021-12-16,31.8,Van Duzen River Bridgeville
1796,2021-12-16,38.9,Van Duzen River Bridgeville
1797,2021-12-16,23.1,Van Duzen River Bridgeville
1798,2021-12-16,35.1,Van Duzen River Bridgeville
1799,2021-12-17,3.0,Van Duzen River Bridgeville
1800,2021-12-17,2.0,Van Duzen River Bridgeville
1801,2021-12-17,1.5,Van Duzen River Bridgeville
1802,2021-12-17,1.5,Van Duzen River Bridgeville
1803,2021-12-18,0.0,Van Duzen River Bridgeville
1804,2021-12-18,0.0,Van Duzen River Bridgeville
1805,2021-12-18,0.0,Van Duzen River Bridgeville
1806,2021-12-18,0.0,Van Duzen River Bridgeville
1807,2021-12-19,0.0,Van Duzen River Bridgeville
1808,2021-12-19,0.0,Van Duzen River Bridgeville
1809,2021-12-19,0.0,Van Duzen River Bridgeville
1810,2021-12-19,0.0,Van Duzen River Bridgeville
1811,2021-12-20,0.8,Van Duzen River Bridgeville
1812,2021-12-20,0.0,Van Duzen River Bridgeville
1813,2021-12-20,0.0,Van Duzen River Bridgeville
1814,2021-12-21,0.0,Van Duzen River Bridgeville
1815,2021-12-21,0.0,Van Duzen River Bridgeville
1816,2021-12-21,0.0,Van Duzen River Bridgeville
1817,2021-12-22,21.1,Van Duzen River Bridgeville
1818,2021-11-27,0.3,Mattole River Ettersburg
1819,2021-11-27,0.0,Mattole River Ettersburg
1820,2021-11-27,0.0,Mattole River Ettersburg
1821,2021-11-28,0.3,Mattole River Ettersburg
1822,2021-11-28,0.0,Mattole River Ettersburg
1823,2021-11-28,0.0,Mattole River Ettersburg
1824,2021-11-29,0.3,Mattole River Ettersburg
1825,2021-11-29,0.3,Mattole River Ettersburg
1826,2021-11-29,0.5,Mattole River Ettersburg
1827,2021-11-29,0.0,Mattole River Ettersburg
1828,2021-11-29,0.0,Mattole River Ettersburg
1829,2021-11-29,0.3,Mattole River Ettersburg
1830,2021-11-30,0.0,Mattole River Ettersburg
1831,2021-11-30,0.0,Mattole River Ettersburg
1832,2021-11-30,0.0,Mattole River Ettersburg
1833,2021-11-30,0.0,Mattole River Ettersburg
1834,2021-12-01,0.3,Mattole River Ettersburg
1835,2021-12-01,0.0,Mattole River Ettersburg
1836,2021-12-01,0.0,Mattole River Ettersburg
1837,2021-12-01,0.0,Mattole River Ettersburg
1838,2021-12-02,0.5,Mattole River Ettersburg
1839,2021-12-02,0.3,Mattole River Ettersburg
1840,2021-12-02,0.0,Mattole River Ettersburg
1841,2021-12-02,0.0,Mattole River Ettersburg
1842,2021-12-02,0.0,Mattole River Ettersburg
1843,2021-12-03,0.5,Mattole River Ettersburg
1844,2021-12-03,0.0,Mattole River Ettersburg
1845,2021-12-03,0.0,Mattole River Ettersburg
1846,2021-12-03,0.0,Mattole River Ettersburg
1847,2021-12-04,0.5,Mattole River Ettersburg
1848,2021-12-04,0.0,Mattole River Ettersburg
1849,2021-12-04,0.0,Mattole River Ettersburg
1850,2021-12-04,0.3,Mattole River Ettersburg
1851,2021-12-05,0.3,Mattole River Ettersburg
1852,2021-12-05,0.0,Mattole River Ettersburg
1853,2021-12-05,0.0,Mattole River Ettersburg
1854,2021-12-05,0.0,Mattole River Ettersburg
1855,2021-12-06,0.0,Mattole River Ettersburg
1856,2021-12-06,0.0,Mattole River Ettersburg
1857,2021-12-06,0.0,Mattole River Ettersburg
1858,2021-12-06,0.0,Mattole River Ettersburg
1859,2021-12-07,9.7,Mattole River Ettersburg
1860,2021-12-07,10.4,Mattole River Ettersburg
1861,2021-12-07,9.4,Mattole River Ettersburg
1862,2021-12-07,11.9,Mattole River Ettersburg
1863,2021-12-07,9.9,Mattole River Ettersburg
1864,2021-12-07,9.9,Mattole River Ettersburg
1865,2021-12-08,0.3,Mattole River Ettersburg
1866,2021-12-08,0.3,Mattole River Ettersburg
1867,2021-12-08,0.3,Mattole River Ettersburg
1868,2021-12-08,0.0,Mattole River Ettersburg
1869,2021-12-08,0.5,Mattole River Ettersburg
1870,2021-12-09,0.0,Mattole River Ettersburg
1871,2021-12-09,0.0,Mattole River Ettersburg
1872,2021-12-09,0.0,Mattole River Ettersburg
1873,2021-12-09,0.0,Mattole River Ettersburg
1874,2021-12-10,0.0,Mattole River Ettersburg
1875,2021-12-10,0.0,Mattole River Ettersburg
1876,2021-12-10,0.0,Mattole River Ettersburg
1877,2021-12-10,0.0,Mattole River Ettersburg
1878,2021-12-11,0.3,Mattole River Ettersburg
1879,2021-12-11,0.0,Mattole River Ettersburg
1880,2021-12-11,0.0,Mattole River Ettersburg
1881,2021-12-11,0.0,Mattole River Ettersburg
1882,2021-12-12,46.2,Mattole River Ettersburg
1883,2021-12-12,54.1,Mattole River Ettersburg
1884,2021-12-12,53.6,Mattole River Ettersburg
1885,2021-12-12,102.4,Mattole River Ettersburg
1886,2021-12-12,37.8,Mattole River Ettersburg
1887,2021-12-12,53.1,Mattole River Ettersburg
1888,2021-12-13,26.4,Mattole River Ettersburg
1889,2021-12-13,27.4,Mattole River Ettersburg
1890,2021-12-13,30.2,Mattole River Ettersburg
1891,2021-12-13,64.0,Mattole River Ettersburg
1892,2021-12-13,24.1,Mattole River Ettersburg
1893,2021-12-13,35.8,Mattole River Ettersburg
1894,2021-12-14,19.6,Mattole River Ettersburg
1895,2021-12-14,20.1,Mattole River Ettersburg
1896,2021-12-14,23.1,Mattole River Ettersburg
1897,2021-12-14,27.7,Mattole River Ettersburg
1898,2021-12-14,26.9,Mattole River Ettersburg
1899,2021-12-14,21.3,Mattole River Ettersburg
1900,2021-12-15,2.5,Mattole River Ettersburg
1901,2021-12-15,2.3,Mattole River Ettersburg
1902,2021-12-15,2.3,Mattole River Ettersburg
1903,2021-12-15,11.7,Mattole River Ettersburg
1904,2021-12-15,1.0,Mattole River Ettersburg
1905,2021-12-15,5.1,Mattole River Ettersburg
1906,2021-12-16,39.9,Mattole River Ettersburg
1907,2021-12-16,42.4,Mattole River Ettersburg
1908,2021-12-16,52.6,Mattole River Ettersburg
1909,2021-12-16,99.1,Mattole River Ettersburg
1910,2021-12-16,39.4,Mattole River Ettersburg
1911,2021-12-16,62.2,Mattole River Ettersburg
1912,2021-12-17,1.3,Mattole River Ettersburg
1913,2021-12-17,1.0,Mattole River Ettersburg
1914,2021-12-17,2.0,Mattole River Ettersburg
1915,2021-12-17,2.3,Mattole River Ettersburg
1916,2021-12-17,1.5,Mattole River Ettersburg
1917,2021-12-17,3.6,Mattole River Ettersburg
1918,2021-11-27,0.8,North Umpqua River Winchester
1919,2021-11-27,0.8,North Umpqua River Winchester
1920,2021-11-27,3.8,North Umpqua River Winchester
1921,2021-11-27,0.0,North Umpqua River Winchester
1922,2021-11-27,0.5,North Umpqua River Winchester
1923,2021-11-27,2.0,North Umpqua River Winchester
1924,2021-11-27,0.8,North Umpqua River Winchester
1925,2021-11-27,1.0,North Umpqua River Winchester
1926,2021-11-27,1.3,North Umpqua River Winchester
1927,2021-11-27,0.0,North Umpqua River Winchester
1928,2021-11-28,0.0,North Umpqua River Winchester
1929,2021-11-28,0.8,North Umpqua River Winchester
1930,2021-11-28,0.5,North Umpqua River Winchester
1931,2021-11-28,0.0,North Umpqua River Winchester
1932,2021-11-28,0.5,North Umpqua River Winchester
1933,2021-11-28,0.3,North Umpqua River Winchester
1934,2021-11-28,0.5,North Umpqua River Winchester
1935,2021-11-28,0.0,North Umpqua River Winchester
1936,2021-11-28,0.0,North Umpqua River Winchester
1937,2021-11-29,0.0,North Umpqua River Winchester
1938,2021-11-29,0.0,North Umpqua River Winchester
1939,2021-11-29,0.5,North Umpqua River Winchester
1940,2021-11-29,0.0,North Umpqua River Winchester
1941,2021-11-29,0.5,North Umpqua River Winchester
1942,2021-11-29,0.5,North Umpqua River Winchester
1943,2021-11-29,0.3,North Umpqua River Winchester
1944,2021-11-29,0.8,North Umpqua River Winchester
1945,2021-11-29,0.0,North Umpqua River Winchester
1946,2021-11-30,0.0,North Umpqua River Winchester
1947,2021-11-30,0.0,North Umpqua River Winchester
1948,2021-11-30,0.0,North Umpqua River Winchester
1949,2021-11-30,0.0,North Umpqua River Winchester
1950,2021-11-30,0.3,North Umpqua River Winchester
1951,2021-11-30,0.3,North Umpqua River Winchester
1952,2021-11-30,0.0,North Umpqua River Winchester
1953,2021-12-01,0.0,North Umpqua River Winchester
1954,2021-12-01,0.0,North Umpqua River Winchester
1955,2021-12-01,0.0,North Umpqua River Winchester
1956,2021-12-01,0.5,North Umpqua River Winchester
1957,2021-12-01,0.0,North Umpqua River Winchester
1958,2021-12-01,0.0,North Umpqua River Winchester
1959,2021-12-01,0.0,North Umpqua River Winchester
1960,2021-12-02,0.0,North Umpqua River Winchester
1961,2021-12-02,0.0,North Umpqua River Winchester
1962,2021-12-02,0.0,North Umpqua River Winchester
1963,2021-12-02,0.5,North Umpqua River Winchester
1964,2021-12-02,0.3,North Umpqua River Winchester
1965,2021-12-02,0.0,North Umpqua River Winchester
1966,2021-12-02,0.0,North Umpqua River Winchester
1967,2021-12-03,0.0,North Umpqua River Winchester
1968,2021-12-03,0.0,North Umpqua River Winchester
1969,2021-12-03,0.3,North Umpqua River Winchester
1970,2021-12-03,1.0,North Umpqua River Winchester
1971,2021-12-03,0.3,North Umpqua River Winchester
1972,2021-12-03,0.3,North Umpqua River Winchester
1973,2021-12-03,0.8,North Umpqua River Winchester
1974,2021-12-03,0.0,North Umpqua River Winchester
1975,2021-12-04,0.0,North Umpqua River Winchester
1976,2021-12-04,0.0,North Umpqua River Winchester
1977,2021-12-04,0.3,North Umpqua River Winchester
1978,2021-12-04,0.0,North Umpqua River Winchester
1979,2021-12-04,0.0,North Umpqua River Winchester
1980,2021-12-04,0.0,North Umpqua River Winchester
1981,2021-12-05,0.5,North Umpqua River Winchester
1982,2021-12-05,0.0,North Umpqua River Winchester
1983,2021-12-05,0.5,North Umpqua River Winchester
1984,2021-12-05,1.0,North Umpqua River Winchester
1985,2021-12-05,0.0,North Umpqua River Winchester
1986,2021-12-05,0.0,North Umpqua River Winchester
1987,2021-12-06,2.0,North Umpqua River Winchester
1988,2021-12-06,3.6,North Umpqua River Winchester
1989,2021-12-06,3.0,North Umpqua River Winchester
1990,2021-12-06,2.3,North Umpqua River Winchester
1991,2021-12-06,2.0,North Umpqua River Winchester
1992,2021-12-06,1.5,North Umpqua River Winchester
1993,2021-12-06,1.8,North Umpqua River Winchester
1994,2021-12-06,7.1,North Umpqua River Winchester
1995,2021-12-07,5.8,North Umpqua River Winchester
1996,2021-12-07,7.1,North Umpqua River Winchester
1997,2021-12-07,5.3,North Umpqua River Winchester
1998,2021-12-07,7.6,North Umpqua River Winchester
1999,2021-12-07,5.8,North Umpqua River Winchester
2000,2021-12-07,6.1,North Umpqua River Winchester
2001,2021-12-07,6.4,North Umpqua River Winchester
2002,2021-12-07,7.6,North Umpqua River Winchester
2003,2021-12-07,0.0,North Umpqua River Winchester
2004,2021-12-08,0.3,North Umpqua River Winchester
2005,2021-12-08,0.0,North Umpqua River Winchester
2006,2021-12-08,0.5,North Umpqua River Winchester
2007,2021-12-08,0.8,North Umpqua River Winchester
2008,2021-12-08,0.0,North Umpqua River Winchester
2009,2021-12-08,0.5,North Umpqua River Winchester
2010,2021-12-08,0.3,North Umpqua River Winchester
2011,2021-12-09,0.5,North Umpqua River Winchester
2012,2021-12-09,0.0,North Umpqua River Winchester
2013,2021-12-09,0.8,North Umpqua River Winchester
2014,2021-12-09,1.0,North Umpqua River Winchester
2015,2021-12-09,0.3,North Umpqua River Winchester
2016,2021-12-09,0.0,North Umpqua River Winchester
2017,2021-12-09,2.8,North Umpqua River Winchester
2018,2021-11-27,1.5,North Umpquar River Idlelyd
2019,2021-11-27,5.8,North Umpquar River Idlelyd
2020,2021-11-27,0.8,North Umpquar River Idlelyd
2021,2021-11-27,0.0,North Umpquar River Idlelyd
2022,2021-11-28,0.5,North Umpquar River Idlelyd
2023,2021-11-28,0.0,North Umpquar River Idlelyd
2024,2021-11-28,0.0,North Umpquar River Idlelyd
2025,2021-11-28,0.0,North Umpquar River Idlelyd
2026,2021-11-29,0.0,North Umpquar River Idlelyd
2027,2021-11-29,0.0,North Umpquar River Idlelyd
2028,2021-11-29,0.0,North Umpquar River Idlelyd
2029,2021-11-29,0.0,North Umpquar River Idlelyd
2030,2021-11-30,0.0,North Umpquar River Idlelyd
2031,2021-11-30,0.0,North Umpquar River Idlelyd
2032,2021-11-30,0.0,North Umpquar River Idlelyd
2033,2021-12-01,0.0,North Umpquar River Idlelyd
2034,2021-12-01,0.0,North Umpquar River Idlelyd
2035,2021-12-01,0.0,North Umpquar River Idlelyd
2036,2021-12-01,0.0,North Umpquar River Idlelyd
2037,2021-12-02,0.5,North Umpquar River Idlelyd
2038,2021-12-02,0.0,North Umpquar River Idlelyd
2039,2021-12-02,0.0,North Umpquar River Idlelyd
2040,2021-12-02,0.0,North Umpquar River Idlelyd
2041,2021-12-03,0.0,North Umpquar River Idlelyd
2042,2021-12-03,0.0,North Umpquar River Idlelyd
2043,2021-12-03,0.0,North Umpquar River Idlelyd
2044,2021-12-03,0.0,North Umpquar River Idlelyd
2045,2021-12-04,0.0,North Umpquar River Idlelyd
2046,2021-12-04,0.0,North Umpquar River Idlelyd
2047,2021-12-04,0.0,North Umpquar River Idlelyd
2048,2021-12-04,0.0,North Umpquar River Idlelyd
2049,2021-12-05,0.8,North Umpquar River Idlelyd
2050,2021-12-05,0.0,North Umpquar River Idlelyd
2051,2021-12-05,0.8,North Umpquar River Idlelyd
2052,2021-12-05,0.0,North Umpquar River Idlelyd
2053,2021-12-06,3.0,North Umpquar River Idlelyd
2054,2021-12-06,4.6,North Umpquar River Idlelyd
2055,2021-12-06,9.9,North Umpquar River Idlelyd
2056,2021-12-06,5.1,North Umpquar River Idlelyd
2057,2021-12-07,10.9,North Umpquar River Idlelyd
2058,2021-12-07,5.3,North Umpquar River Idlelyd
2059,2021-12-07,0.0,North Umpquar River Idlelyd
2060,2021-12-07,2.5,North Umpquar River Idlelyd
2061,2021-12-08,2.8,North Umpquar River Idlelyd
2062,2021-12-08,2.8,North Umpquar River Idlelyd
2063,2021-12-08,1.5,North Umpquar River Idlelyd
2064,2021-12-08,2.5,North Umpquar River Idlelyd
2065,2021-12-09,3.8,North Umpquar River Idlelyd
2066,2021-12-09,1.5,North Umpquar River Idlelyd
2067,2021-12-09,1.5,North Umpquar River Idlelyd
2068,2021-12-09,0.0,North Umpquar River Idlelyd
2069,2021-12-10,4.3,North Umpquar River Idlelyd
2070,2021-12-10,7.1,North Umpquar River Idlelyd
2071,2021-12-10,2.3,North Umpquar River Idlelyd
2072,2021-12-10,2.5,North Umpquar River Idlelyd
2073,2021-12-11,4.8,North Umpquar River Idlelyd
2074,2021-12-11,12.2,North Umpquar River Idlelyd
2075,2021-12-11,18.5,North Umpquar River Idlelyd
2076,2021-12-11,33.0,North Umpquar River Idlelyd
2077,2021-12-12,40.6,North Umpquar River Idlelyd
2078,2021-12-12,86.4,North Umpquar River Idlelyd
2079,2021-12-12,22.4,North Umpquar River Idlelyd
2080,2021-12-12,25.4,North Umpquar River Idlelyd
2081,2021-12-13,8.9,North Umpquar River Idlelyd
2082,2021-12-13,8.6,North Umpquar River Idlelyd
2083,2021-12-13,9.7,North Umpquar River Idlelyd
2084,2021-12-13,12.7,North Umpquar River Idlelyd
2085,2021-12-14,10.2,North Umpquar River Idlelyd
2086,2021-12-14,3.3,North Umpquar River Idlelyd
2087,2021-12-14,2.5,North Umpquar River Idlelyd
2088,2021-12-14,0.0,North Umpquar River Idlelyd
2089,2021-12-15,0.8,North Umpquar River Idlelyd
2090,2021-12-15,8.9,North Umpquar River Idlelyd
2091,2021-12-15,3.3,North Umpquar River Idlelyd
2092,2021-12-15,27.9,North Umpquar River Idlelyd
2093,2021-12-16,9.9,North Umpquar River Idlelyd
2094,2021-12-16,24.1,North Umpquar River Idlelyd
2095,2021-12-16,5.3,North Umpquar River Idlelyd
2096,2021-12-16,2.5,North Umpquar River Idlelyd
2097,2021-12-17,3.0,North Umpquar River Idlelyd
2098,2021-12-17,0.0,North Umpquar River Idlelyd
2099,2021-12-17,0.0,North Umpquar River Idlelyd
2100,2021-12-17,0.0,North Umpquar River Idlelyd
2101,2021-12-18,0.0,North Umpquar River Idlelyd
2102,2021-12-18,0.0,North Umpquar River Idlelyd
2103,2021-12-18,0.0,North Umpquar River Idlelyd
2104,2021-12-18,5.1,North Umpquar River Idlelyd
2105,2021-12-19,3.0,North Umpquar River Idlelyd
2106,2021-12-19,8.6,North Umpquar River Idlelyd
2107,2021-12-19,7.9,North Umpquar River Idlelyd
2108,2021-12-19,10.2,North Umpquar River Idlelyd
2109,2021-12-20,13.5,North Umpquar River Idlelyd
2110,2021-12-20,9.7,North Umpquar River Idlelyd
2111,2021-12-20,2.5,North Umpquar River Idlelyd
2112,2021-12-20,2.5,North Umpquar River Idlelyd
2113,2021-12-21,2.5,North Umpquar River Idlelyd
2114,2021-12-21,0.0,North Umpquar River Idlelyd
2115,2021-12-21,0.0,North Umpquar River Idlelyd
2116,2021-12-21,0.0,North Umpquar River Idlelyd
2117,2021-12-22,2.8,North Umpquar River Idlelyd
2118,2021-11-27,1.8,Umpqua River Elkton
2119,2021-11-28,0.0,Umpqua River Elkton
2120,2021-11-29,0.0,Umpqua River Elkton
2121,2021-11-30,0.0,Umpqua River Elkton
2122,2021-12-01,0.0,Umpqua River Elkton
2123,2021-12-02,0.0,Umpqua River Elkton
2124,2021-12-03,0.0,Umpqua River Elkton
2125,2021-12-04,0.0,Umpqua River Elkton
2126,2021-12-05,0.0,Umpqua River Elkton
2127,2021-12-06,4.3,Umpqua River Elkton
2128,2021-12-07,10.9,Umpqua River Elkton
2129,2021-12-08,1.0,Umpqua River Elkton
2130,2021-12-09,0.0,Umpqua River Elkton
2131,2021-12-10,10.7,Umpqua River Elkton
2132,2021-12-11,9.1,Umpqua River Elkton
2133,2021-12-12,36.1,Umpqua River Elkton
2134,2021-12-13,32.5,Umpqua River Elkton
2135,2021-12-14,12.4,Umpqua River Elkton
2136,2021-12-15,0.0,Umpqua River Elkton
2137,2021-12-16,17.8,Umpqua River Elkton
2138,2021-12-17,1.8,Umpqua River Elkton
2139,2021-12-18,0.0,Umpqua River Elkton
2140,2021-12-19,25.1,Umpqua River Elkton
2141,2021-12-20,26.4,Umpqua River Elkton
2142,2021-12-21,3.0,Umpqua River Elkton
2143,2021-12-22,3.3,Umpqua River Elkton
2144,2021-12-23,24.4,Umpqua River Elkton
2145,2021-12-24,16.8,Umpqua River Elkton
2146,2021-12-25,16.8,Umpqua River Elkton
2147,2021-12-26,23.1,Umpqua River Elkton
2148,2021-12-27,12.7,Umpqua River Elkton
2149,2021-12-28,9.9,Umpqua River Elkton
2150,2021-12-29,1.8,Umpqua River Elkton
2151,2021-12-30,0.8,Umpqua River Elkton
2152,2021-12-31,16.8,Umpqua River Elkton
2153,2022-01-01,3.0,Umpqua River Elkton
2154,2022-01-02,0.0,Umpqua River Elkton
2155,2022-01-03,30.5,Umpqua River Elkton
2156,2022-01-04,30.5,Umpqua River Elkton
2157,2022-01-05,22.1,Umpqua River Elkton
2158,2022-01-06,8.4,Umpqua River Elkton
2159,2022-01-07,6.9,Umpqua River Elkton
2160,2022-01-08,2.5,Umpqua River Elkton
2161,2022-01-09,0.0,Umpqua River Elkton
2162,2022-01-10,0.0,Umpqua River Elkton
2163,2022-01-11,0.0,Umpqua River Elkton
2164,2022-01-12,0.8,Umpqua River Elkton
2165,2022-01-13,3.0,Umpqua River Elkton
2166,2022-01-14,0.0,Umpqua River Elkton
2167,2022-01-15,0.0,Umpqua River Elkton
2168,2022-01-16,0.0,Umpqua River Elkton
2169,2022-01-17,0.0,Umpqua River Elkton
2170,2022-01-18,0.8,Umpqua River Elkton
2171,2022-01-19,2.3,Umpqua River Elkton
2172,2022-01-20,0.8,Umpqua River Elkton
2173,2022-01-21,0.0,Umpqua River Elkton
2174,2022-01-22,0.0,Umpqua River Elkton
2175,2022-01-23,0.0,Umpqua River Elkton
2176,2022-01-24,0.0,Umpqua River Elkton
2177,2022-01-25,0.0,Umpqua River Elkton
2178,2022-01-26,0.0,Umpqua River Elkton
2179,2022-01-27,0.0,Umpqua River Elkton
2180,2022-01-28,0.0,Umpqua River Elkton
2181,2022-01-29,0.0,Umpqua River Elkton
2182,2022-01-30,0.0,Umpqua River Elkton
2183,2022-01-31,7.6,Umpqua River Elkton
2184,2022-02-03,0.8,Umpqua River Elkton
2185,2022-02-04,0.0,Umpqua River Elkton
2186,2022-02-05,0.0,Umpqua River Elkton
2187,2022-02-12,0.0,Umpqua River Elkton
2188,2022-02-13,0.0,Umpqua River Elkton
2189,2022-02-14,0.0,Umpqua River Elkton
2190,2022-02-18,0.0,Umpqua River Elkton
2191,2022-02-19,0.0,Umpqua River Elkton
2192,2022-02-20,3.3,Umpqua River Elkton
2193,2022-02-25,0.0,Umpqua River Elkton
2194,2022-02-26,0.0,Umpqua River Elkton
2195,2022-02-27,2.5,Umpqua River Elkton
2196,2022-02-28,5.3,Umpqua River Elkton
2197,2021-11-27,0.0,Yuba River Marysville
2198,2021-11-28,0.0,Yuba River Marysville
2199,2021-11-29,0.0,Yuba River Marysville
2200,2021-11-30,0.0,Yuba River Marysville
2201,2021-12-01,0.0,Yuba River Marysville
2202,2021-12-02,0.0,Yuba River Marysville
2203,2021-12-03,0.0,Yuba River Marysville
2204,2021-12-04,0.0,Yuba River Marysville
2205,2021-12-05,0.0,Yuba River Marysville
2206,2021-12-06,0.0,Yuba River Marysville
2207,2021-12-07,1.0,Yuba River Marysville
2208,2021-12-08,0.0,Yuba River Marysville
2209,2021-12-09,7.6,Yuba River Marysville
2210,2021-12-10,0.0,Yuba River Marysville
2211,2021-12-11,0.0,Yuba River Marysville
2212,2021-12-12,3.3,Yuba River Marysville
2213,2021-12-13,31.8,Yuba River Marysville
2214,2021-12-14,49.5,Yuba River Marysville
2215,2021-12-15,0.5,Yuba River Marysville
2216,2021-12-16,8.4,Yuba River Marysville
2217,2021-12-17,0.3,Yuba River Marysville
2218,2021-12-18,0.0,Yuba River Marysville
2219,2021-12-19,0.0,Yuba River Marysville
2220,2021-12-20,0.0,Yuba River Marysville
2221,2021-12-21,0.0,Yuba River Marysville
2222,2021-12-22,13.0,Yuba River Marysville
2223,2021-12-23,21.1,Yuba River Marysville
2224,2021-12-24,7.1,Yuba River Marysville
2225,2021-12-25,2.5,Yuba River Marysville
2226,2021-12-26,9.7,Yuba River Marysville
2227,2021-12-27,2.0,Yuba River Marysville
2228,2021-12-28,0.3,Yuba River Marysville
2229,2021-12-29,22.4,Yuba River Marysville
2230,2021-12-30,4.6,Yuba River Marysville
2231,2021-12-31,0.0,Yuba River Marysville
2232,2022-01-01,0.0,Yuba River Marysville
2233,2022-01-02,0.0,Yuba River Marysville
2234,2022-01-03,0.0,Yuba River Marysville
2235,2022-01-04,0.3,Yuba River Marysville
2236,2022-01-05,1.0,Yuba River Marysville
2237,2022-01-06,0.3,Yuba River Marysville
2238,2022-01-07,0.5,Yuba River Marysville
2239,2022-01-08,1.5,Yuba River Marysville
2240,2022-01-09,0.0,Yuba River Marysville
2241,2022-01-10,0.0,Yuba River Marysville
2242,2022-01-11,0.0,Yuba River Marysville
2243,2022-01-12,0.0,Yuba River Marysville
2244,2022-01-13,0.0,Yuba River Marysville
2245,2022-01-14,0.0,Yuba River Marysville
2246,2022-01-15,0.0,Yuba River Marysville
2247,2022-01-16,0.0,Yuba River Marysville
2248,2022-01-17,0.0,Yuba River Marysville
2249,2022-01-18,0.0,Yuba River Marysville
2250,2022-01-19,0.0,Yuba River Marysville
2251,2022-01-20,0.0,Yuba River Marysville
2252,2022-01-21,0.0,Yuba River Marysville
2253,2022-01-22,0.0,Yuba River Marysville
2254,2022-01-23,0.0,Yuba River Marysville
2255,2022-01-24,0.0,Yuba River Marysville
2256,2022-01-25,0.0,Yuba River Marysville
2257,2022-01-26,0.0,Yuba River Marysville
2258,2022-01-27,0.0,Yuba River Marysville
2259,2022-01-28,0.0,Yuba River Marysville
2260,2022-01-29,0.0,Yuba River Marysville
2261,2022-01-30,0.0,Yuba River Marysville
2262,2022-02-01,0.0,Yuba River Marysville
2263,2022-02-02,0.0,Yuba River Marysville
2264,2022-02-03,0.0,Yuba River Marysville
2265,2022-02-04,0.0,Yuba River Marysville
2266,2022-02-05,0.0,Yuba River Marysville
2267,2022-02-06,0.0,Yuba River Marysville
2268,2022-02-07,0.0,Yuba River Marysville
2269,2022-02-08,0.0,Yuba River Marysville
2270,2022-02-09,0.0,Yuba River Marysville
2271,2022-02-10,0.0,Yuba River Marysville
2272,2022-02-11,0.0,Yuba River Marysville
2273,2022-02-12,0.0,Yuba River Marysville
2274,2022-02-13,0.0,Yuba River Marysville
2275,2022-02-14,0.0,Yuba River Marysville
2276,2022-02-15,0.0,Yuba River Marysville
2277,2022-02-16,0.0,Yuba River Marysville
2278,2022-02-17,0.0,Yuba River Marysville
2279,2022-02-18,0.0,Yuba River Marysville
2280,2022-02-19,0.0,Yuba River Marysville
2281,2022-02-20,0.0,Yuba River Marysville
2282,2022-02-21,0.0,Yuba River Marysville
2283,2022-02-22,0.0,Yuba River Marysville
2284,2022-02-23,0.0,Yuba River Marysville
2285,2022-02-24,0.0,Yuba River Marysville
2286,2022-02-25,0.0,Yuba River Marysville
2287,2022-02-26,0.0,Yuba River Marysville
2288,2022-02-27,0.0,Yuba River Marysville
2289,2022-02-28,0.0,Yuba River Marysville
